Source_Name,M,q_m,L_j,Gamma_b,theta_rad,m_idx,n,n_2,s,q_rel,a,E_min_ele_erg,E_max_ele_erg,PH_Ei,PH_Ef,z0,Z_acc_cm,delta_z_cm,beta,v_b_cm_s,r_j_z0_cm,B_0_Gauss,B_prime_Gauss,t_ad_s,n_c_prime,Delta_V_vol,K_e_norm,Z_0_cm,xi_j_deg,eps_data_MeV,o16_channels
SDSS J162146.06+254914.4,126000000.0,0.4,7.24e+42,3.0,0.3490658503988659,1.5,0.0001,0.01,2.0,0.05,1.0,8.0109e-05,0.320436,-5.0,10.0,930510000000000.0,2326275000000000.0,243829813503313.34,0.9428090415820634,28265415066.63026,121914906751656.67,928.2603297821589,93.31331208993491,8.100336393771232e-06,577745.6842678635,1.1385452632581128e+43,0.0021203141579427486,930510000000000.0,3.0,"[  0.2        0.204659   0.209426   0.214304   0.219296   0.224404
   0.229631   0.23498    0.240453   0.246054   0.251785   0.25765
   0.263651   0.269793   0.276077   0.282508   0.289088   0.295822
   0.302712   0.309763   0.316979   0.324362   0.331917   0.339649
   0.34756    0.355656   0.36394    0.372417   0.381092   0.389969
   0.399052   0.408348   0.417859   0.427592   0.437552   0.447744
   0.458174   0.468846   0.479767   0.490942   0.502377   0.514079
   0.526054   0.538307   0.550846   0.563677   0.576806   0.590242
   0.60399    0.618059   0.632456   0.647187   0.662262   0.677688
   0.693474   0.709627   0.726156   0.74307    0.760379   0.77809
   0.796214   0.814761   0.833739   0.853159   0.873032   0.893367
   0.914176   0.93547    0.95726    0.979558   1.00237    1.02572
   1.04961    1.07406    1.09908    1.12468    1.15088    1.17769
   1.20512    1.23319    1.26191    1.29131    1.32139    1.35217
   1.38366    1.41589    1.44887    1.48262    1.51716    1.55249
   1.58866    1.62566    1.66353    1.70228    1.74193    1.7825
   1.82402    1.86651    1.90999    1.95447    2.         2.04659
   2.09426    2.14304    2.19296    2.24404    2.29631    2.3498
   2.40453    2.46054    2.51785    2.5765     2.63651    2.69793
   2.76077    2.82508    2.89088    2.95822    3.02712    3.09763
   3.16979    3.24362    3.31917    3.39649    3.4756     3.55656
   3.6394     3.72417    3.81092    3.89969    3.99052    4.08348
   4.17859    4.27592    4.37552    4.47744    4.58174    4.68846
   4.79767    4.90942    5.02377    5.14079    5.26054    5.38307
   5.50846    5.63677    5.76806    5.90242    6.0399     6.18059
   6.32456    6.47187    6.62262    6.77688    6.93474    7.09627
   7.26156    7.4307     7.60379    7.7809     7.96214    8.14761
   8.33739    8.53159    8.73032    8.93367    9.14176    9.3547
   9.5726     9.79558   10.0237    10.2572    10.4961    10.7406
  10.9908    11.2468    11.5088    11.7769    12.0512    12.3319
  12.6191    12.9131    13.2139    13.5217    13.8366    14.1589
  14.4887    14.8262    15.1716    15.5249    15.8866    16.2566
  16.6353    17.0228    17.4193    17.825     18.2402    18.6651
  19.0999    19.5447    20.        20.4659    20.9426    21.4304
  21.9296    22.4404    22.9631    23.498     24.0453    24.6054
  25.1785    25.765     26.3651    26.9793    27.6077    28.2508
  28.9088    29.5822    30.2712    30.9763    31.6979    32.4362
  33.1917    33.9649    34.756     35.5656    36.394     37.2417
  38.1092    38.9969    39.9052    40.8348    41.7859    42.7592
  43.7552    44.7744    45.8174    46.8846    47.9767    49.0942
  50.2377    51.4079    52.6054    53.8307    55.0846    56.3677
  57.6806    59.0242    60.399     61.8059    63.2456    64.7187
  66.2262    67.7688    69.3474    70.9627    72.6156    74.307
  76.0379    77.809     79.6214    81.4761    83.3739    85.3159
  87.3032    89.3367    91.4176    93.547     95.726     97.9558
 100.237    102.572    104.961    107.406    109.908    112.468
 115.088    117.769    120.512    123.319    126.191    129.131
 132.139    135.217    138.366    141.589    144.887    148.262
 151.716    155.249    158.866    162.566    166.353    170.228
 174.193    178.25     182.402    186.651    190.999    195.447
 200.      ]","{'111001': {'mass_lost_amu': 8, 'interp': <scipy.interpolate._interpolate.interp1d object at 0x148d77e7ba10>}, '120000': {'mass_lost_amu': 3, 'interp': <scipy.interpolate._interpolate.interp1d object at 0x148d74d9a750>}, '020000': {'mass_lost_amu': 2, 'interp': <scipy.interpolate._interpolate.interp1d object at 0x148d74d9a7f0>}, '011000': {'mass_lost_amu': 3, 'interp': <scipy.interpolate._interpolate.interp1d object at 0x148d74d9a890>}, '111000': {'mass_lost_amu': 4, 'interp': <scipy.interpolate._interpolate.interp1d object at 0x148d74d9a8e0>}, '010000': {'mass_lost_amu': 1, 'interp': <scipy.interpolate._interpolate.interp1d object at 0x148d74d9a930>}, '220000': {'mass_lost_amu': 4, 'interp': <scipy.interpolate._interpolate.interp1d object at 0x148d74d9a980>}, '100001': {'mass_lost_amu': 5, 'interp': <scipy.interpolate._interpolate.interp1d object at 0x148d74d9aa20>}, '210000': {'mass_lost_amu': 3, 'interp': <scipy.interpolate._interpolate.interp1d object at 0x148d74d9a9d0>}, '000001': {'mass_lost_amu': 4, 'interp': <scipy.interpolate._interpolate.interp1d object at 0x148d74d9aa70>}, '110000': {'mass_lost_amu': 2, 'interp': <scipy.interpolate._interpolate.interp1d object at 0x148d74d9aac0>}, '010001': {'mass_lost_amu': 5, 'interp': <scipy.interpolate._interpolate.interp1d object at 0x148d74d9ab10>}, '000002': {'mass_lost_amu': 8, 'interp': <scipy.interpolate._interpolate.interp1d object at 0x148d74d9abb0>}, '220001': {'mass_lost_amu': 8, 'interp': <scipy.interpolate._interpolate.interp1d object at 0x148d74d9ab60>}, '100000': {'mass_lost_amu': 1, 'interp': <scipy.interpolate._interpolate.interp1d object at 0x148d74d9ac00>}, '001000': {'mass_lost_amu': 2, 'interp': <scipy.interpolate._interpolate.interp1d object at 0x148d74d9ac50>}}"
SDSS J162846.13+252940.9,316000000.0,0.4,1.12e+43,3.0,0.3490658503988659,1.5,0.0001,0.01,2.0,0.05,1.0,8.0109e-05,0.320436,-5.0,10.0,2333660000000000.0,5834150000000000.0,611509691008309.6,0.9428090415820634,28265415066.63026,305754845504154.8,460.35512409715955,46.277170303248916,3.2298809671366305e-06,142096.4053077453,1.7959734547553593e+44,0.0002079361780653783,2333660000000000.0,3.0,"[  0.2        0.204659   0.209426   0.214304   0.219296   0.224404
   0.229631   0.23498    0.240453   0.246054   0.251785   0.25765
   0.263651   0.269793   0.276077   0.282508   0.289088   0.295822
   0.302712   0.309763   0.316979   0.324362   0.331917   0.339649
   0.34756    0.355656   0.36394    0.372417   0.381092   0.389969
   0.399052   0.408348   0.417859   0.427592   0.437552   0.447744
   0.458174   0.468846   0.479767   0.490942   0.502377   0.514079
   0.526054   0.538307   0.550846   0.563677   0.576806   0.590242
   0.60399    0.618059   0.632456   0.647187   0.662262   0.677688
   0.693474   0.709627   0.726156   0.74307    0.760379   0.77809
   0.796214   0.814761   0.833739   0.853159   0.873032   0.893367
   0.914176   0.93547    0.95726    0.979558   1.00237    1.02572
   1.04961    1.07406    1.09908    1.12468    1.15088    1.17769
   1.20512    1.23319    1.26191    1.29131    1.32139    1.35217
   1.38366    1.41589    1.44887    1.48262    1.51716    1.55249
   1.58866    1.62566    1.66353    1.70228    1.74193    1.7825
   1.82402    1.86651    1.90999    1.95447    2.         2.04659
   2.09426    2.14304    2.19296    2.24404    2.29631    2.3498
   2.40453    2.46054    2.51785    2.5765     2.63651    2.69793
   2.76077    2.82508    2.89088    2.95822    3.02712    3.09763
   3.16979    3.24362    3.31917    3.39649    3.4756     3.55656
   3.6394     3.72417    3.81092    3.89969    3.99052    4.08348
   4.17859    4.27592    4.37552    4.47744    4.58174    4.68846
   4.79767    4.90942    5.02377    5.14079    5.26054    5.38307
   5.50846    5.63677    5.76806    5.90242    6.0399     6.18059
   6.32456    6.47187    6.62262    6.77688    6.93474    7.09627
   7.26156    7.4307     7.60379    7.7809     7.96214    8.14761
   8.33739    8.53159    8.73032    8.93367    9.14176    9.3547
   9.5726     9.79558   10.0237    10.2572    10.4961    10.7406
  10.9908    11.2468    11.5088    11.7769    12.0512    12.3319
  12.6191    12.9131    13.2139    13.5217    13.8366    14.1589
  14.4887    14.8262    15.1716    15.5249    15.8866    16.2566
  16.6353    17.0228    17.4193    17.825     18.2402    18.6651
  19.0999    19.5447    20.        20.4659    20.9426    21.4304
  21.9296    22.4404    22.9631    23.498     24.0453    24.6054
  25.1785    25.765     26.3651    26.9793    27.6077    28.2508
  28.9088    29.5822    30.2712    30.9763    31.6979    32.4362
  33.1917    33.9649    34.756     35.5656    36.394     37.2417
  38.1092    38.9969    39.9052    40.8348    41.7859    42.7592
  43.7552    44.7744    45.8174    46.8846    47.9767    49.0942
  50.2377    51.4079    52.6054    53.8307    55.0846    56.3677
  57.6806    59.0242    60.399     61.8059    63.2456    64.7187
  66.2262    67.7688    69.3474    70.9627    72.6156    74.307
  76.0379    77.809     79.6214    81.4761    83.3739    85.3159
  87.3032    89.3367    91.4176    93.547     95.726     97.9558
 100.237    102.572    104.961    107.406    109.908    112.468
 115.088    117.769    120.512    123.319    126.191    129.131
 132.139    135.217    138.366    141.589    144.887    148.262
 151.716    155.249    158.866    162.566    166.353    170.228
 174.193    178.25     182.402    186.651    190.999    195.447
 200.      ]","{'111001': {'mass_lost_amu': 8, 'interp': <scipy.interpolate._interpolate.interp1d object at 0x148d77e7ba10>}, '120000': {'mass_lost_amu': 3, 'interp': <scipy.interpolate._interpolate.interp1d object at 0x148d74d9a750>}, '020000': {'mass_lost_amu': 2, 'interp': <scipy.interpolate._interpolate.interp1d object at 0x148d74d9a7f0>}, '011000': {'mass_lost_amu': 3, 'interp': <scipy.interpolate._interpolate.interp1d object at 0x148d74d9a890>}, '111000': {'mass_lost_amu': 4, 'interp': <scipy.interpolate._interpolate.interp1d object at 0x148d74d9a8e0>}, '010000': {'mass_lost_amu': 1, 'interp': <scipy.interpolate._interpolate.interp1d object at 0x148d74d9a930>}, '220000': {'mass_lost_amu': 4, 'interp': <scipy.interpolate._interpolate.interp1d object at 0x148d74d9a980>}, '100001': {'mass_lost_amu': 5, 'interp': <scipy.interpolate._interpolate.interp1d object at 0x148d74d9aa20>}, '210000': {'mass_lost_amu': 3, 'interp': <scipy.interpolate._interpolate.interp1d object at 0x148d74d9a9d0>}, '000001': {'mass_lost_amu': 4, 'interp': <scipy.interpolate._interpolate.interp1d object at 0x148d74d9aa70>}, '110000': {'mass_lost_amu': 2, 'interp': <scipy.interpolate._interpolate.interp1d object at 0x148d74d9aac0>}, '010001': {'mass_lost_amu': 5, 'interp': <scipy.interpolate._interpolate.interp1d object at 0x148d74d9ab10>}, '000002': {'mass_lost_amu': 8, 'interp': <scipy.interpolate._interpolate.interp1d object at 0x148d74d9abb0>}, '220001': {'mass_lost_amu': 8, 'interp': <scipy.interpolate._interpolate.interp1d object at 0x148d74d9ab60>}, '100000': {'mass_lost_amu': 1, 'interp': <scipy.interpolate._interpolate.interp1d object at 0x148d74d9ac00>}, '001000': {'mass_lost_amu': 2, 'interp': <scipy.interpolate._interpolate.interp1d object at 0x148d74d9ac50>}}"
SDSS J162944.98+404841.6,398000000.0,0.4,3.24e+42,3.0,0.3490658503988659,1.5,0.0001,0.01,2.0,0.05,1.0,8.0109e-05,0.320436,-5.0,10.0,2939230000000000.0,7348075000000000.0,770192585510466.0,0.9428090415820634,28265415066.63026,385096292755233.0,196.5895759320341,19.76215493004949,2.5644281045607416e-06,25913.024168789638,3.588292866175808e+44,3.0107110491297343e-05,2939230000000000.0,3.0,"[  0.2        0.204659   0.209426   0.214304   0.219296   0.224404
   0.229631   0.23498    0.240453   0.246054   0.251785   0.25765
   0.263651   0.269793   0.276077   0.282508   0.289088   0.295822
   0.302712   0.309763   0.316979   0.324362   0.331917   0.339649
   0.34756    0.355656   0.36394    0.372417   0.381092   0.389969
   0.399052   0.408348   0.417859   0.427592   0.437552   0.447744
   0.458174   0.468846   0.479767   0.490942   0.502377   0.514079
   0.526054   0.538307   0.550846   0.563677   0.576806   0.590242
   0.60399    0.618059   0.632456   0.647187   0.662262   0.677688
   0.693474   0.709627   0.726156   0.74307    0.760379   0.77809
   0.796214   0.814761   0.833739   0.853159   0.873032   0.893367
   0.914176   0.93547    0.95726    0.979558   1.00237    1.02572
   1.04961    1.07406    1.09908    1.12468    1.15088    1.17769
   1.20512    1.23319    1.26191    1.29131    1.32139    1.35217
   1.38366    1.41589    1.44887    1.48262    1.51716    1.55249
   1.58866    1.62566    1.66353    1.70228    1.74193    1.7825
   1.82402    1.86651    1.90999    1.95447    2.         2.04659
   2.09426    2.14304    2.19296    2.24404    2.29631    2.3498
   2.40453    2.46054    2.51785    2.5765     2.63651    2.69793
   2.76077    2.82508    2.89088    2.95822    3.02712    3.09763
   3.16979    3.24362    3.31917    3.39649    3.4756     3.55656
   3.6394     3.72417    3.81092    3.89969    3.99052    4.08348
   4.17859    4.27592    4.37552    4.47744    4.58174    4.68846
   4.79767    4.90942    5.02377    5.14079    5.26054    5.38307
   5.50846    5.63677    5.76806    5.90242    6.0399     6.18059
   6.32456    6.47187    6.62262    6.77688    6.93474    7.09627
   7.26156    7.4307     7.60379    7.7809     7.96214    8.14761
   8.33739    8.53159    8.73032    8.93367    9.14176    9.3547
   9.5726     9.79558   10.0237    10.2572    10.4961    10.7406
  10.9908    11.2468    11.5088    11.7769    12.0512    12.3319
  12.6191    12.9131    13.2139    13.5217    13.8366    14.1589
  14.4887    14.8262    15.1716    15.5249    15.8866    16.2566
  16.6353    17.0228    17.4193    17.825     18.2402    18.6651
  19.0999    19.5447    20.        20.4659    20.9426    21.4304
  21.9296    22.4404    22.9631    23.498     24.0453    24.6054
  25.1785    25.765     26.3651    26.9793    27.6077    28.2508
  28.9088    29.5822    30.2712    30.9763    31.6979    32.4362
  33.1917    33.9649    34.756     35.5656    36.394     37.2417
  38.1092    38.9969    39.9052    40.8348    41.7859    42.7592
  43.7552    44.7744    45.8174    46.8846    47.9767    49.0942
  50.2377    51.4079    52.6054    53.8307    55.0846    56.3677
  57.6806    59.0242    60.399     61.8059    63.2456    64.7187
  66.2262    67.7688    69.3474    70.9627    72.6156    74.307
  76.0379    77.809     79.6214    81.4761    83.3739    85.3159
  87.3032    89.3367    91.4176    93.547     95.726     97.9558
 100.237    102.572    104.961    107.406    109.908    112.468
 115.088    117.769    120.512    123.319    126.191    129.131
 132.139    135.217    138.366    141.589    144.887    148.262
 151.716    155.249    158.866    162.566    166.353    170.228
 174.193    178.25     182.402    186.651    190.999    195.447
 200.      ]","{'111001': {'mass_lost_amu': 8, 'interp': <scipy.interpolate._interpolate.interp1d object at 0x148d77e7ba10>}, '120000': {'mass_lost_amu': 3, 'interp': <scipy.interpolate._interpolate.interp1d object at 0x148d74d9a750>}, '020000': {'mass_lost_amu': 2, 'interp': <scipy.interpolate._interpolate.interp1d object at 0x148d74d9a7f0>}, '011000': {'mass_lost_amu': 3, 'interp': <scipy.interpolate._interpolate.interp1d object at 0x148d74d9a890>}, '111000': {'mass_lost_amu': 4, 'interp': <scipy.interpolate._interpolate.interp1d object at 0x148d74d9a8e0>}, '010000': {'mass_lost_amu': 1, 'interp': <scipy.interpolate._interpolate.interp1d object at 0x148d74d9a930>}, '220000': {'mass_lost_amu': 4, 'interp': <scipy.interpolate._interpolate.interp1d object at 0x148d74d9a980>}, '100001': {'mass_lost_amu': 5, 'interp': <scipy.interpolate._interpolate.interp1d object at 0x148d74d9aa20>}, '210000': {'mass_lost_amu': 3, 'interp': <scipy.interpolate._interpolate.interp1d object at 0x148d74d9a9d0>}, '000001': {'mass_lost_amu': 4, 'interp': <scipy.interpolate._interpolate.interp1d object at 0x148d74d9aa70>}, '110000': {'mass_lost_amu': 2, 'interp': <scipy.interpolate._interpolate.interp1d object at 0x148d74d9aac0>}, '010001': {'mass_lost_amu': 5, 'interp': <scipy.interpolate._interpolate.interp1d object at 0x148d74d9ab10>}, '000002': {'mass_lost_amu': 8, 'interp': <scipy.interpolate._interpolate.interp1d object at 0x148d74d9abb0>}, '220001': {'mass_lost_amu': 8, 'interp': <scipy.interpolate._interpolate.interp1d object at 0x148d74d9ab60>}, '100000': {'mass_lost_amu': 1, 'interp': <scipy.interpolate._interpolate.interp1d object at 0x148d74d9ac00>}, '001000': {'mass_lost_amu': 2, 'interp': <scipy.interpolate._interpolate.interp1d object at 0x148d74d9ac50>}}"
SDSS J164925.86+360321.3,126000000.0,0.4,4.9e+42,3.0,0.3490658503988659,1.5,0.0001,0.01,2.0,0.05,1.0,8.0109e-05,0.320436,-5.0,10.0,930510000000000.0,2326275000000000.0,243829813503313.34,0.9428090415820634,28265415066.63026,121914906751656.67,763.6573704578858,76.76660981089073,8.100336393771232e-06,391015.72554040485,1.1385452632581128e+43,0.001435019250541363,930510000000000.0,3.0,"[  0.2        0.204659   0.209426   0.214304   0.219296   0.224404
   0.229631   0.23498    0.240453   0.246054   0.251785   0.25765
   0.263651   0.269793   0.276077   0.282508   0.289088   0.295822
   0.302712   0.309763   0.316979   0.324362   0.331917   0.339649
   0.34756    0.355656   0.36394    0.372417   0.381092   0.389969
   0.399052   0.408348   0.417859   0.427592   0.437552   0.447744
   0.458174   0.468846   0.479767   0.490942   0.502377   0.514079
   0.526054   0.538307   0.550846   0.563677   0.576806   0.590242
   0.60399    0.618059   0.632456   0.647187   0.662262   0.677688
   0.693474   0.709627   0.726156   0.74307    0.760379   0.77809
   0.796214   0.814761   0.833739   0.853159   0.873032   0.893367
   0.914176   0.93547    0.95726    0.979558   1.00237    1.02572
   1.04961    1.07406    1.09908    1.12468    1.15088    1.17769
   1.20512    1.23319    1.26191    1.29131    1.32139    1.35217
   1.38366    1.41589    1.44887    1.48262    1.51716    1.55249
   1.58866    1.62566    1.66353    1.70228    1.74193    1.7825
   1.82402    1.86651    1.90999    1.95447    2.         2.04659
   2.09426    2.14304    2.19296    2.24404    2.29631    2.3498
   2.40453    2.46054    2.51785    2.5765     2.63651    2.69793
   2.76077    2.82508    2.89088    2.95822    3.02712    3.09763
   3.16979    3.24362    3.31917    3.39649    3.4756     3.55656
   3.6394     3.72417    3.81092    3.89969    3.99052    4.08348
   4.17859    4.27592    4.37552    4.47744    4.58174    4.68846
   4.79767    4.90942    5.02377    5.14079    5.26054    5.38307
   5.50846    5.63677    5.76806    5.90242    6.0399     6.18059
   6.32456    6.47187    6.62262    6.77688    6.93474    7.09627
   7.26156    7.4307     7.60379    7.7809     7.96214    8.14761
   8.33739    8.53159    8.73032    8.93367    9.14176    9.3547
   9.5726     9.79558   10.0237    10.2572    10.4961    10.7406
  10.9908    11.2468    11.5088    11.7769    12.0512    12.3319
  12.6191    12.9131    13.2139    13.5217    13.8366    14.1589
  14.4887    14.8262    15.1716    15.5249    15.8866    16.2566
  16.6353    17.0228    17.4193    17.825     18.2402    18.6651
  19.0999    19.5447    20.        20.4659    20.9426    21.4304
  21.9296    22.4404    22.9631    23.498     24.0453    24.6054
  25.1785    25.765     26.3651    26.9793    27.6077    28.2508
  28.9088    29.5822    30.2712    30.9763    31.6979    32.4362
  33.1917    33.9649    34.756     35.5656    36.394     37.2417
  38.1092    38.9969    39.9052    40.8348    41.7859    42.7592
  43.7552    44.7744    45.8174    46.8846    47.9767    49.0942
  50.2377    51.4079    52.6054    53.8307    55.0846    56.3677
  57.6806    59.0242    60.399     61.8059    63.2456    64.7187
  66.2262    67.7688    69.3474    70.9627    72.6156    74.307
  76.0379    77.809     79.6214    81.4761    83.3739    85.3159
  87.3032    89.3367    91.4176    93.547     95.726     97.9558
 100.237    102.572    104.961    107.406    109.908    112.468
 115.088    117.769    120.512    123.319    126.191    129.131
 132.139    135.217    138.366    141.589    144.887    148.262
 151.716    155.249    158.866    162.566    166.353    170.228
 174.193    178.25     182.402    186.651    190.999    195.447
 200.      ]","{'111001': {'mass_lost_amu': 8, 'interp': <scipy.interpolate._interpolate.interp1d object at 0x148d77e7ba10>}, '120000': {'mass_lost_amu': 3, 'interp': <scipy.interpolate._interpolate.interp1d object at 0x148d74d9a750>}, '020000': {'mass_lost_amu': 2, 'interp': <scipy.interpolate._interpolate.interp1d object at 0x148d74d9a7f0>}, '011000': {'mass_lost_amu': 3, 'interp': <scipy.interpolate._interpolate.interp1d object at 0x148d74d9a890>}, '111000': {'mass_lost_amu': 4, 'interp': <scipy.interpolate._interpolate.interp1d object at 0x148d74d9a8e0>}, '010000': {'mass_lost_amu': 1, 'interp': <scipy.interpolate._interpolate.interp1d object at 0x148d74d9a930>}, '220000': {'mass_lost_amu': 4, 'interp': <scipy.interpolate._interpolate.interp1d object at 0x148d74d9a980>}, '100001': {'mass_lost_amu': 5, 'interp': <scipy.interpolate._interpolate.interp1d object at 0x148d74d9aa20>}, '210000': {'mass_lost_amu': 3, 'interp': <scipy.interpolate._interpolate.interp1d object at 0x148d74d9a9d0>}, '000001': {'mass_lost_amu': 4, 'interp': <scipy.interpolate._interpolate.interp1d object at 0x148d74d9aa70>}, '110000': {'mass_lost_amu': 2, 'interp': <scipy.interpolate._interpolate.interp1d object at 0x148d74d9aac0>}, '010001': {'mass_lost_amu': 5, 'interp': <scipy.interpolate._interpolate.interp1d object at 0x148d74d9ab10>}, '000002': {'mass_lost_amu': 8, 'interp': <scipy.interpolate._interpolate.interp1d object at 0x148d74d9abb0>}, '220001': {'mass_lost_amu': 8, 'interp': <scipy.interpolate._interpolate.interp1d object at 0x148d74d9ab60>}, '100000': {'mass_lost_amu': 1, 'interp': <scipy.interpolate._interpolate.interp1d object at 0x148d74d9ac00>}, '001000': {'mass_lost_amu': 2, 'interp': <scipy.interpolate._interpolate.interp1d object at 0x148d74d9ac50>}}"
SDSS J165830.05+252324.9,199000000.0,0.4,5.5e+42,3.0,0.3490658503988659,1.5,0.0001,0.01,2.0,0.05,1.0,8.0109e-05,0.320436,-5.0,10.0,1469615000000000.0,3674037500000000.0,385096292755233.0,0.9428090415820634,28265415066.63026,192548146377616.5,512.2704695381209,51.49595718443133,5.128856209121483e-06,175952.63324486793,4.48536608271976e+43,0.00040886199432626027,1469615000000000.0,3.0,"[  0.2        0.204659   0.209426   0.214304   0.219296   0.224404
   0.229631   0.23498    0.240453   0.246054   0.251785   0.25765
   0.263651   0.269793   0.276077   0.282508   0.289088   0.295822
   0.302712   0.309763   0.316979   0.324362   0.331917   0.339649
   0.34756    0.355656   0.36394    0.372417   0.381092   0.389969
   0.399052   0.408348   0.417859   0.427592   0.437552   0.447744
   0.458174   0.468846   0.479767   0.490942   0.502377   0.514079
   0.526054   0.538307   0.550846   0.563677   0.576806   0.590242
   0.60399    0.618059   0.632456   0.647187   0.662262   0.677688
   0.693474   0.709627   0.726156   0.74307    0.760379   0.77809
   0.796214   0.814761   0.833739   0.853159   0.873032   0.893367
   0.914176   0.93547    0.95726    0.979558   1.00237    1.02572
   1.04961    1.07406    1.09908    1.12468    1.15088    1.17769
   1.20512    1.23319    1.26191    1.29131    1.32139    1.35217
   1.38366    1.41589    1.44887    1.48262    1.51716    1.55249
   1.58866    1.62566    1.66353    1.70228    1.74193    1.7825
   1.82402    1.86651    1.90999    1.95447    2.         2.04659
   2.09426    2.14304    2.19296    2.24404    2.29631    2.3498
   2.40453    2.46054    2.51785    2.5765     2.63651    2.69793
   2.76077    2.82508    2.89088    2.95822    3.02712    3.09763
   3.16979    3.24362    3.31917    3.39649    3.4756     3.55656
   3.6394     3.72417    3.81092    3.89969    3.99052    4.08348
   4.17859    4.27592    4.37552    4.47744    4.58174    4.68846
   4.79767    4.90942    5.02377    5.14079    5.26054    5.38307
   5.50846    5.63677    5.76806    5.90242    6.0399     6.18059
   6.32456    6.47187    6.62262    6.77688    6.93474    7.09627
   7.26156    7.4307     7.60379    7.7809     7.96214    8.14761
   8.33739    8.53159    8.73032    8.93367    9.14176    9.3547
   9.5726     9.79558   10.0237    10.2572    10.4961    10.7406
  10.9908    11.2468    11.5088    11.7769    12.0512    12.3319
  12.6191    12.9131    13.2139    13.5217    13.8366    14.1589
  14.4887    14.8262    15.1716    15.5249    15.8866    16.2566
  16.6353    17.0228    17.4193    17.825     18.2402    18.6651
  19.0999    19.5447    20.        20.4659    20.9426    21.4304
  21.9296    22.4404    22.9631    23.498     24.0453    24.6054
  25.1785    25.765     26.3651    26.9793    27.6077    28.2508
  28.9088    29.5822    30.2712    30.9763    31.6979    32.4362
  33.1917    33.9649    34.756     35.5656    36.394     37.2417
  38.1092    38.9969    39.9052    40.8348    41.7859    42.7592
  43.7552    44.7744    45.8174    46.8846    47.9767    49.0942
  50.2377    51.4079    52.6054    53.8307    55.0846    56.3677
  57.6806    59.0242    60.399     61.8059    63.2456    64.7187
  66.2262    67.7688    69.3474    70.9627    72.6156    74.307
  76.0379    77.809     79.6214    81.4761    83.3739    85.3159
  87.3032    89.3367    91.4176    93.547     95.726     97.9558
 100.237    102.572    104.961    107.406    109.908    112.468
 115.088    117.769    120.512    123.319    126.191    129.131
 132.139    135.217    138.366    141.589    144.887    148.262
 151.716    155.249    158.866    162.566    166.353    170.228
 174.193    178.25     182.402    186.651    190.999    195.447
 200.      ]","{'111001': {'mass_lost_amu': 8, 'interp': <scipy.interpolate._interpolate.interp1d object at 0x148d77e7ba10>}, '120000': {'mass_lost_amu': 3, 'interp': <scipy.interpolate._interpolate.interp1d object at 0x148d74d9a750>}, '020000': {'mass_lost_amu': 2, 'interp': <scipy.interpolate._interpolate.interp1d object at 0x148d74d9a7f0>}, '011000': {'mass_lost_amu': 3, 'interp': <scipy.interpolate._interpolate.interp1d object at 0x148d74d9a890>}, '111000': {'mass_lost_amu': 4, 'interp': <scipy.interpolate._interpolate.interp1d object at 0x148d74d9a8e0>}, '010000': {'mass_lost_amu': 1, 'interp': <scipy.interpolate._interpolate.interp1d object at 0x148d74d9a930>}, '220000': {'mass_lost_amu': 4, 'interp': <scipy.interpolate._interpolate.interp1d object at 0x148d74d9a980>}, '100001': {'mass_lost_amu': 5, 'interp': <scipy.interpolate._interpolate.interp1d object at 0x148d74d9aa20>}, '210000': {'mass_lost_amu': 3, 'interp': <scipy.interpolate._interpolate.interp1d object at 0x148d74d9a9d0>}, '000001': {'mass_lost_amu': 4, 'interp': <scipy.interpolate._interpolate.interp1d object at 0x148d74d9aa70>}, '110000': {'mass_lost_amu': 2, 'interp': <scipy.interpolate._interpolate.interp1d object at 0x148d74d9aac0>}, '010001': {'mass_lost_amu': 5, 'interp': <scipy.interpolate._interpolate.interp1d object at 0x148d74d9ab10>}, '000002': {'mass_lost_amu': 8, 'interp': <scipy.interpolate._interpolate.interp1d object at 0x148d74d9abb0>}, '220001': {'mass_lost_amu': 8, 'interp': <scipy.interpolate._interpolate.interp1d object at 0x148d74d9ab60>}, '100000': {'mass_lost_amu': 1, 'interp': <scipy.interpolate._interpolate.interp1d object at 0x148d74d9ac00>}, '001000': {'mass_lost_amu': 2, 'interp': <scipy.interpolate._interpolate.interp1d object at 0x148d74d9ac50>}}"
SDSS J170358.49+241039.5,631000000.0,0.4,9.33e+42,3.0,0.3490658503988659,1.5,0.0001,0.01,2.0,0.05,1.0,8.0109e-05,0.320436,-5.0,10.0,4659935000000000.0,1.16498375e+16,1221084224766593.0,0.9428090415820634,28265415066.63026,610542112383296.5,210.417819321331,21.15223823926928,1.617499818724525e-06,29686.716103551098,1.429969397133117e+45,2.1755388763495423e-05,4659935000000000.0,3.0,"[  0.2        0.204659   0.209426   0.214304   0.219296   0.224404
   0.229631   0.23498    0.240453   0.246054   0.251785   0.25765
   0.263651   0.269793   0.276077   0.282508   0.289088   0.295822
   0.302712   0.309763   0.316979   0.324362   0.331917   0.339649
   0.34756    0.355656   0.36394    0.372417   0.381092   0.389969
   0.399052   0.408348   0.417859   0.427592   0.437552   0.447744
   0.458174   0.468846   0.479767   0.490942   0.502377   0.514079
   0.526054   0.538307   0.550846   0.563677   0.576806   0.590242
   0.60399    0.618059   0.632456   0.647187   0.662262   0.677688
   0.693474   0.709627   0.726156   0.74307    0.760379   0.77809
   0.796214   0.814761   0.833739   0.853159   0.873032   0.893367
   0.914176   0.93547    0.95726    0.979558   1.00237    1.02572
   1.04961    1.07406    1.09908    1.12468    1.15088    1.17769
   1.20512    1.23319    1.26191    1.29131    1.32139    1.35217
   1.38366    1.41589    1.44887    1.48262    1.51716    1.55249
   1.58866    1.62566    1.66353    1.70228    1.74193    1.7825
   1.82402    1.86651    1.90999    1.95447    2.         2.04659
   2.09426    2.14304    2.19296    2.24404    2.29631    2.3498
   2.40453    2.46054    2.51785    2.5765     2.63651    2.69793
   2.76077    2.82508    2.89088    2.95822    3.02712    3.09763
   3.16979    3.24362    3.31917    3.39649    3.4756     3.55656
   3.6394     3.72417    3.81092    3.89969    3.99052    4.08348
   4.17859    4.27592    4.37552    4.47744    4.58174    4.68846
   4.79767    4.90942    5.02377    5.14079    5.26054    5.38307
   5.50846    5.63677    5.76806    5.90242    6.0399     6.18059
   6.32456    6.47187    6.62262    6.77688    6.93474    7.09627
   7.26156    7.4307     7.60379    7.7809     7.96214    8.14761
   8.33739    8.53159    8.73032    8.93367    9.14176    9.3547
   9.5726     9.79558   10.0237    10.2572    10.4961    10.7406
  10.9908    11.2468    11.5088    11.7769    12.0512    12.3319
  12.6191    12.9131    13.2139    13.5217    13.8366    14.1589
  14.4887    14.8262    15.1716    15.5249    15.8866    16.2566
  16.6353    17.0228    17.4193    17.825     18.2402    18.6651
  19.0999    19.5447    20.        20.4659    20.9426    21.4304
  21.9296    22.4404    22.9631    23.498     24.0453    24.6054
  25.1785    25.765     26.3651    26.9793    27.6077    28.2508
  28.9088    29.5822    30.2712    30.9763    31.6979    32.4362
  33.1917    33.9649    34.756     35.5656    36.394     37.2417
  38.1092    38.9969    39.9052    40.8348    41.7859    42.7592
  43.7552    44.7744    45.8174    46.8846    47.9767    49.0942
  50.2377    51.4079    52.6054    53.8307    55.0846    56.3677
  57.6806    59.0242    60.399     61.8059    63.2456    64.7187
  66.2262    67.7688    69.3474    70.9627    72.6156    74.307
  76.0379    77.809     79.6214    81.4761    83.3739    85.3159
  87.3032    89.3367    91.4176    93.547     95.726     97.9558
 100.237    102.572    104.961    107.406    109.908    112.468
 115.088    117.769    120.512    123.319    126.191    129.131
 132.139    135.217    138.366    141.589    144.887    148.262
 151.716    155.249    158.866    162.566    166.353    170.228
 174.193    178.25     182.402    186.651    190.999    195.447
 200.      ]","{'111001': {'mass_lost_amu': 8, 'interp': <scipy.interpolate._interpolate.interp1d object at 0x148d77e7ba10>}, '120000': {'mass_lost_amu': 3, 'interp': <scipy.interpolate._interpolate.interp1d object at 0x148d74d9a750>}, '020000': {'mass_lost_amu': 2, 'interp': <scipy.interpolate._interpolate.interp1d object at 0x148d74d9a7f0>}, '011000': {'mass_lost_amu': 3, 'interp': <scipy.interpolate._interpolate.interp1d object at 0x148d74d9a890>}, '111000': {'mass_lost_amu': 4, 'interp': <scipy.interpolate._interpolate.interp1d object at 0x148d74d9a8e0>}, '010000': {'mass_lost_amu': 1, 'interp': <scipy.interpolate._interpolate.interp1d object at 0x148d74d9a930>}, '220000': {'mass_lost_amu': 4, 'interp': <scipy.interpolate._interpolate.interp1d object at 0x148d74d9a980>}, '100001': {'mass_lost_amu': 5, 'interp': <scipy.interpolate._interpolate.interp1d object at 0x148d74d9aa20>}, '210000': {'mass_lost_amu': 3, 'interp': <scipy.interpolate._interpolate.interp1d object at 0x148d74d9a9d0>}, '000001': {'mass_lost_amu': 4, 'interp': <scipy.interpolate._interpolate.interp1d object at 0x148d74d9aa70>}, '110000': {'mass_lost_amu': 2, 'interp': <scipy.interpolate._interpolate.interp1d object at 0x148d74d9aac0>}, '010001': {'mass_lost_amu': 5, 'interp': <scipy.interpolate._interpolate.interp1d object at 0x148d74d9ab10>}, '000002': {'mass_lost_amu': 8, 'interp': <scipy.interpolate._interpolate.interp1d object at 0x148d74d9abb0>}, '220001': {'mass_lost_amu': 8, 'interp': <scipy.interpolate._interpolate.interp1d object at 0x148d74d9ab60>}, '100000': {'mass_lost_amu': 1, 'interp': <scipy.interpolate._interpolate.interp1d object at 0x148d74d9ac00>}, '001000': {'mass_lost_amu': 2, 'interp': <scipy.interpolate._interpolate.interp1d object at 0x148d74d9ac50>}}"
SDSS J171522.97+572440.2,631000000.0,0.4,1.15e+43,3.0,0.3490658503988659,1.5,0.0001,0.01,2.0,0.05,1.0,8.0109e-05,0.320436,-5.0,10.0,4659935000000000.0,1.16498375e+16,1221084224766593.0,0.9428090415820634,28265415066.63026,610542112383296.5,233.60956124980595,23.48358665850947,1.617499818724525e-06,36591.34353599545,1.429969397133117e+45,2.6815323770653523e-05,4659935000000000.0,3.0,"[  0.2        0.204659   0.209426   0.214304   0.219296   0.224404
   0.229631   0.23498    0.240453   0.246054   0.251785   0.25765
   0.263651   0.269793   0.276077   0.282508   0.289088   0.295822
   0.302712   0.309763   0.316979   0.324362   0.331917   0.339649
   0.34756    0.355656   0.36394    0.372417   0.381092   0.389969
   0.399052   0.408348   0.417859   0.427592   0.437552   0.447744
   0.458174   0.468846   0.479767   0.490942   0.502377   0.514079
   0.526054   0.538307   0.550846   0.563677   0.576806   0.590242
   0.60399    0.618059   0.632456   0.647187   0.662262   0.677688
   0.693474   0.709627   0.726156   0.74307    0.760379   0.77809
   0.796214   0.814761   0.833739   0.853159   0.873032   0.893367
   0.914176   0.93547    0.95726    0.979558   1.00237    1.02572
   1.04961    1.07406    1.09908    1.12468    1.15088    1.17769
   1.20512    1.23319    1.26191    1.29131    1.32139    1.35217
   1.38366    1.41589    1.44887    1.48262    1.51716    1.55249
   1.58866    1.62566    1.66353    1.70228    1.74193    1.7825
   1.82402    1.86651    1.90999    1.95447    2.         2.04659
   2.09426    2.14304    2.19296    2.24404    2.29631    2.3498
   2.40453    2.46054    2.51785    2.5765     2.63651    2.69793
   2.76077    2.82508    2.89088    2.95822    3.02712    3.09763
   3.16979    3.24362    3.31917    3.39649    3.4756     3.55656
   3.6394     3.72417    3.81092    3.89969    3.99052    4.08348
   4.17859    4.27592    4.37552    4.47744    4.58174    4.68846
   4.79767    4.90942    5.02377    5.14079    5.26054    5.38307
   5.50846    5.63677    5.76806    5.90242    6.0399     6.18059
   6.32456    6.47187    6.62262    6.77688    6.93474    7.09627
   7.26156    7.4307     7.60379    7.7809     7.96214    8.14761
   8.33739    8.53159    8.73032    8.93367    9.14176    9.3547
   9.5726     9.79558   10.0237    10.2572    10.4961    10.7406
  10.9908    11.2468    11.5088    11.7769    12.0512    12.3319
  12.6191    12.9131    13.2139    13.5217    13.8366    14.1589
  14.4887    14.8262    15.1716    15.5249    15.8866    16.2566
  16.6353    17.0228    17.4193    17.825     18.2402    18.6651
  19.0999    19.5447    20.        20.4659    20.9426    21.4304
  21.9296    22.4404    22.9631    23.498     24.0453    24.6054
  25.1785    25.765     26.3651    26.9793    27.6077    28.2508
  28.9088    29.5822    30.2712    30.9763    31.6979    32.4362
  33.1917    33.9649    34.756     35.5656    36.394     37.2417
  38.1092    38.9969    39.9052    40.8348    41.7859    42.7592
  43.7552    44.7744    45.8174    46.8846    47.9767    49.0942
  50.2377    51.4079    52.6054    53.8307    55.0846    56.3677
  57.6806    59.0242    60.399     61.8059    63.2456    64.7187
  66.2262    67.7688    69.3474    70.9627    72.6156    74.307
  76.0379    77.809     79.6214    81.4761    83.3739    85.3159
  87.3032    89.3367    91.4176    93.547     95.726     97.9558
 100.237    102.572    104.961    107.406    109.908    112.468
 115.088    117.769    120.512    123.319    126.191    129.131
 132.139    135.217    138.366    141.589    144.887    148.262
 151.716    155.249    158.866    162.566    166.353    170.228
 174.193    178.25     182.402    186.651    190.999    195.447
 200.      ]","{'111001': {'mass_lost_amu': 8, 'interp': <scipy.interpolate._interpolate.interp1d object at 0x148d77e7ba10>}, '120000': {'mass_lost_amu': 3, 'interp': <scipy.interpolate._interpolate.interp1d object at 0x148d74d9a750>}, '020000': {'mass_lost_amu': 2, 'interp': <scipy.interpolate._interpolate.interp1d object at 0x148d74d9a7f0>}, '011000': {'mass_lost_amu': 3, 'interp': <scipy.interpolate._interpolate.interp1d object at 0x148d74d9a890>}, '111000': {'mass_lost_amu': 4, 'interp': <scipy.interpolate._interpolate.interp1d object at 0x148d74d9a8e0>}, '010000': {'mass_lost_amu': 1, 'interp': <scipy.interpolate._interpolate.interp1d object at 0x148d74d9a930>}, '220000': {'mass_lost_amu': 4, 'interp': <scipy.interpolate._interpolate.interp1d object at 0x148d74d9a980>}, '100001': {'mass_lost_amu': 5, 'interp': <scipy.interpolate._interpolate.interp1d object at 0x148d74d9aa20>}, '210000': {'mass_lost_amu': 3, 'interp': <scipy.interpolate._interpolate.interp1d object at 0x148d74d9a9d0>}, '000001': {'mass_lost_amu': 4, 'interp': <scipy.interpolate._interpolate.interp1d object at 0x148d74d9aa70>}, '110000': {'mass_lost_amu': 2, 'interp': <scipy.interpolate._interpolate.interp1d object at 0x148d74d9aac0>}, '010001': {'mass_lost_amu': 5, 'interp': <scipy.interpolate._interpolate.interp1d object at 0x148d74d9ab10>}, '000002': {'mass_lost_amu': 8, 'interp': <scipy.interpolate._interpolate.interp1d object at 0x148d74d9abb0>}, '220001': {'mass_lost_amu': 8, 'interp': <scipy.interpolate._interpolate.interp1d object at 0x148d74d9ab60>}, '100000': {'mass_lost_amu': 1, 'interp': <scipy.interpolate._interpolate.interp1d object at 0x148d74d9ac00>}, '001000': {'mass_lost_amu': 2, 'interp': <scipy.interpolate._interpolate.interp1d object at 0x148d74d9ac50>}}"
SDSS J172215.41+304239.8,398000000.0,0.4,6.31e+42,3.0,0.3490658503988659,1.5,0.0001,0.01,2.0,0.05,1.0,8.0109e-05,0.320436,-5.0,10.0,2939230000000000.0,7348075000000000.0,770192585510466.0,0.9428090415820634,28265415066.63026,385096292755233.0,274.3485444311414,27.57887041658915,2.5644281045607416e-06,50466.4143534144,3.588292866175808e+44,5.863452691360687e-05,2939230000000000.0,3.0,"[  0.2        0.204659   0.209426   0.214304   0.219296   0.224404
   0.229631   0.23498    0.240453   0.246054   0.251785   0.25765
   0.263651   0.269793   0.276077   0.282508   0.289088   0.295822
   0.302712   0.309763   0.316979   0.324362   0.331917   0.339649
   0.34756    0.355656   0.36394    0.372417   0.381092   0.389969
   0.399052   0.408348   0.417859   0.427592   0.437552   0.447744
   0.458174   0.468846   0.479767   0.490942   0.502377   0.514079
   0.526054   0.538307   0.550846   0.563677   0.576806   0.590242
   0.60399    0.618059   0.632456   0.647187   0.662262   0.677688
   0.693474   0.709627   0.726156   0.74307    0.760379   0.77809
   0.796214   0.814761   0.833739   0.853159   0.873032   0.893367
   0.914176   0.93547    0.95726    0.979558   1.00237    1.02572
   1.04961    1.07406    1.09908    1.12468    1.15088    1.17769
   1.20512    1.23319    1.26191    1.29131    1.32139    1.35217
   1.38366    1.41589    1.44887    1.48262    1.51716    1.55249
   1.58866    1.62566    1.66353    1.70228    1.74193    1.7825
   1.82402    1.86651    1.90999    1.95447    2.         2.04659
   2.09426    2.14304    2.19296    2.24404    2.29631    2.3498
   2.40453    2.46054    2.51785    2.5765     2.63651    2.69793
   2.76077    2.82508    2.89088    2.95822    3.02712    3.09763
   3.16979    3.24362    3.31917    3.39649    3.4756     3.55656
   3.6394     3.72417    3.81092    3.89969    3.99052    4.08348
   4.17859    4.27592    4.37552    4.47744    4.58174    4.68846
   4.79767    4.90942    5.02377    5.14079    5.26054    5.38307
   5.50846    5.63677    5.76806    5.90242    6.0399     6.18059
   6.32456    6.47187    6.62262    6.77688    6.93474    7.09627
   7.26156    7.4307     7.60379    7.7809     7.96214    8.14761
   8.33739    8.53159    8.73032    8.93367    9.14176    9.3547
   9.5726     9.79558   10.0237    10.2572    10.4961    10.7406
  10.9908    11.2468    11.5088    11.7769    12.0512    12.3319
  12.6191    12.9131    13.2139    13.5217    13.8366    14.1589
  14.4887    14.8262    15.1716    15.5249    15.8866    16.2566
  16.6353    17.0228    17.4193    17.825     18.2402    18.6651
  19.0999    19.5447    20.        20.4659    20.9426    21.4304
  21.9296    22.4404    22.9631    23.498     24.0453    24.6054
  25.1785    25.765     26.3651    26.9793    27.6077    28.2508
  28.9088    29.5822    30.2712    30.9763    31.6979    32.4362
  33.1917    33.9649    34.756     35.5656    36.394     37.2417
  38.1092    38.9969    39.9052    40.8348    41.7859    42.7592
  43.7552    44.7744    45.8174    46.8846    47.9767    49.0942
  50.2377    51.4079    52.6054    53.8307    55.0846    56.3677
  57.6806    59.0242    60.399     61.8059    63.2456    64.7187
  66.2262    67.7688    69.3474    70.9627    72.6156    74.307
  76.0379    77.809     79.6214    81.4761    83.3739    85.3159
  87.3032    89.3367    91.4176    93.547     95.726     97.9558
 100.237    102.572    104.961    107.406    109.908    112.468
 115.088    117.769    120.512    123.319    126.191    129.131
 132.139    135.217    138.366    141.589    144.887    148.262
 151.716    155.249    158.866    162.566    166.353    170.228
 174.193    178.25     182.402    186.651    190.999    195.447
 200.      ]","{'111001': {'mass_lost_amu': 8, 'interp': <scipy.interpolate._interpolate.interp1d object at 0x148d77e7ba10>}, '120000': {'mass_lost_amu': 3, 'interp': <scipy.interpolate._interpolate.interp1d object at 0x148d74d9a750>}, '020000': {'mass_lost_amu': 2, 'interp': <scipy.interpolate._interpolate.interp1d object at 0x148d74d9a7f0>}, '011000': {'mass_lost_amu': 3, 'interp': <scipy.interpolate._interpolate.interp1d object at 0x148d74d9a890>}, '111000': {'mass_lost_amu': 4, 'interp': <scipy.interpolate._interpolate.interp1d object at 0x148d74d9a8e0>}, '010000': {'mass_lost_amu': 1, 'interp': <scipy.interpolate._interpolate.interp1d object at 0x148d74d9a930>}, '220000': {'mass_lost_amu': 4, 'interp': <scipy.interpolate._interpolate.interp1d object at 0x148d74d9a980>}, '100001': {'mass_lost_amu': 5, 'interp': <scipy.interpolate._interpolate.interp1d object at 0x148d74d9aa20>}, '210000': {'mass_lost_amu': 3, 'interp': <scipy.interpolate._interpolate.interp1d object at 0x148d74d9a9d0>}, '000001': {'mass_lost_amu': 4, 'interp': <scipy.interpolate._interpolate.interp1d object at 0x148d74d9aa70>}, '110000': {'mass_lost_amu': 2, 'interp': <scipy.interpolate._interpolate.interp1d object at 0x148d74d9aac0>}, '010001': {'mass_lost_amu': 5, 'interp': <scipy.interpolate._interpolate.interp1d object at 0x148d74d9ab10>}, '000002': {'mass_lost_amu': 8, 'interp': <scipy.interpolate._interpolate.interp1d object at 0x148d74d9abb0>}, '220001': {'mass_lost_amu': 8, 'interp': <scipy.interpolate._interpolate.interp1d object at 0x148d74d9ab60>}, '100000': {'mass_lost_amu': 1, 'interp': <scipy.interpolate._interpolate.interp1d object at 0x148d74d9ac00>}, '001000': {'mass_lost_amu': 2, 'interp': <scipy.interpolate._interpolate.interp1d object at 0x148d74d9ac50>}}"
