E_prime_GeV,rate_acc,rate_acc_2,rate_sync,rate_pp,rate_pg,t_ad_val,Shear,ESC
2.080891551107902,50.89457549313674,5089.457549313674,6.425922632543197e-15,3.4608971561885054e-10,9.668955361679977e-14,5.128856209121483e-06,1.1432055342474798e-12,31490400388673.035
1.781158746662535,59.459097814461614,5945.90978144616,5.500329075889243e-15,2.7231967851288675e-10,7.57120671159962e-14,5.128856209121483e-06,9.785375578433152e-13,36789594544887.53
1.6083831317487711,65.84630866262654,6584.630866262653,4.966787222814386e-15,2.0118411421457275e-10,6.441746557915214e-14,5.128856209121483e-06,8.836176476503674e-13,40741603674086.63
1.4931588779990566,70.92754408212308,7092.754408212307,4.61096755523297e-15,1.3857013064009183e-10,5.72382369719597e-14,5.128856209121483e-06,8.203154517737601e-13,43885556370000.77
1.4135091239212536,74.92423667354518,7492.4236673545165,4.365004156932588e-15,8.953360848277336e-11,5.2455194439017065e-14,5.128856209121483e-06,7.765572657141766e-13,46358461364587.03
1.3593965237842378,77.90669630820744,7790.669630820744,4.197901079532385e-15,5.587177693193967e-11,4.928821167686219e-14,5.128856209121483e-06,7.468287467453618e-13,48203822036693.16
1.3254198649864137,79.9038062870569,7990.38062870569,4.0929790423263176e-15,3.6087473189029895e-11,4.7337538849990726e-14,5.128856209121483e-06,7.281625628434519e-13,49439509577945.26
1.3084103093699186,80.94256930143871,8094.25693014387,4.0404524758421855e-15,2.702342987933397e-11,4.63720633391135e-14,5.128856209121483e-06,7.188178095786724e-13,50082231575621.4
1.3064324182113092,81.06511340700803,8106.511340700801,4.034344624832819e-15,2.6018862779888535e-11,4.626027908495412e-14,5.128856209121483e-06,7.177311906640743e-13,50158054252444.18
1.3183044781596582,80.33507728710404,8033.507728710403,4.0710062849161564e-15,3.220929927235103e-11,4.693276083931666e-14,5.128856209121483e-06,7.242534933898671e-13,49706353270734.08
1.3433445066196679,78.83762625224773,7883.762625224772,4.148331451388688e-15,4.6305340617365615e-11,4.836296808939927e-14,5.128856209121483e-06,7.380100484097367e-13,48779823631904.16
1.3812262331136884,76.67541319581527,7667.541319581525,4.2653125807070965e-15,6.928976669072374e-11,5.055695226852479e-14,5.128856209121483e-06,7.5882160841235e-13,47441980566843.98
1.4318935310512246,73.9622673364133,7396.226733641331,4.421776350466398e-15,1.0107883756767152e-10,5.3547831990671513e-14,5.128856209121483e-06,7.866573384275536e-13,45763254521924.72
1.4955081472151066,70.81612516662437,7081.612516662437,4.618222244799717e-15,1.3996117875814753e-10,5.738145524037785e-14,5.128856209121483e-06,8.216060993174996e-13,43816617269400.58
1.572417540620301,67.35239807812927,6735.239807812926,4.855723238772458e-15,1.829442157222126e-10,6.21428701082348e-14,5.128856209121483e-06,8.638587790064641e-13,41673478206014.29
1.6631355117037725,63.67857062495029,6367.857062495028,5.135865980114893e-15,2.2660187896975228e-10,6.793807531063965e-14,5.128856209121483e-06,9.136976504955192e-13,39400342093991.78
1.7683313717728162,59.89041071793961,5989.041071793959,5.460717343804468e-15,2.679064268607594e-10,7.485560479604521e-14,5.128856209121483e-06,9.714904217462967e-13,37056464164915.2
1.88882509544225,56.069824779670576,5606.982477967057,5.832809462490123e-15,3.0472927931494524e-10,8.303959628633855e-14,5.128856209121483e-06,1.0376875725145062e-12,34692523022864.613
2.025586876362107,52.28415200393461,5228.4152003934605,6.255138354551762e-15,3.359600581637239e-10,9.269725878572091e-14,5.128856209121483e-06,1.1128221102744775e-12,32350183976053.996
2.1797400943811893,48.586568836298525,4858.656883629852,6.7311730868859806e-15,3.6135704169666043e-10,1.0397528602214247e-13,5.128856209121483e-06,1.1975112003270783e-12,30062349304263.086
2.3525670690307297,45.01724670681775,4501.724670681774,7.264873542021743e-15,3.8128096169730605e-10,1.1716623038388597e-13,5.128856209121483e-06,1.2924593266633166e-12,27853874591891.08
2.5455172111024895,41.60494051227511,4160.49405122751,7.860715590700931e-15,3.964273983986093e-10,1.3238124501279735e-13,5.128856209121483e-06,1.3984627702992098e-12,25742551582047.176
2.7602173424541063,38.36875108056908,3836.8751080569077,8.523722960079602e-15,4.0761678861996196e-10,1.5001150205839535e-13,5.128856209121483e-06,1.5164152787969012e-12,23740198679982.836
2.998484063860333,35.319878273605035,3531.987827360503,9.259505426422436e-15,4.1565676648102295e-10,1.7035593780434478e-13,5.128856209121483e-06,1.647314860946474e-12,21853745664211.39
3.2623381296595086,32.46324811583678,3246.324811583677,1.0074303204905773e-14,4.2126726820535657e-10,1.9385507346349737e-13,5.128856209121483e-06,1.7922716839460766e-12,20086240452529.027
3.554020847182669,29.79895073627523,2979.895073627523,1.097503759207547e-14,4.2505047312744326e-10,2.2073403768001886e-13,5.128856209121483e-06,1.9525170829623224e-12,18437738811166.492
3.8760125655118296,27.323464604637202,2732.34646046372,1.1969368060283299e-14,4.274882742306235e-10,2.515846827409938e-13,5.128856209121483e-06,2.1294137185317106e-12,16906061836035.787
4.231053356560273,25.030668066779043,2503.066806677904,1.3065756122150121e-14,4.2895410130590795e-10,2.868877267747432e-13,5.128856209121483e-06,2.32446693838552e-12,15487421827993.018
4.622166024850367,22.912654277562435,2291.2654277562433,1.4273536386192024e-14,4.297304555036475e-10,3.274061923004424e-13,5.128856209121483e-06,2.539337418620531e-12,14176926522650.395
5.052681612779544,20.960373175508924,2096.037317550892,1.5602995318669225e-14,4.3002716861753896e-10,3.7342248164690564e-13,5.128856209121483e-06,2.77585517584743e-12,12968976304395.889
5.526267597093398,19.16412665152046,1916.4126651520455,1.7065458316050023e-14,4.299979080919034e-10,4.26083969892874e-13,5.128856209121483e-06,3.036035057841465e-12,11857570586024.451
6.046959000813902,17.513942483591652,1751.3942483591647,1.867338578058168e-14,4.2975397960966323e-10,4.857729687630477e-13,5.128856209121483e-06,3.3220938358933263e-12,10836539176299.164
6.619192673825176,15.999850338196799,1599.9850338196798,2.044047898087302e-14,4.2937531544717884e-10,5.540041047897531e-13,5.128856209121483e-06,3.636469037965224e-12,9899713052456.979
7.2478450253565265,14.612080110761188,1461.2080110761185,2.2381796572150673e-14,4.2891893309663277e-10,6.310324593476574e-13,5.128856209121483e-06,3.981839678259139e-12,9041047080966.156
7.93827352326994,13.341199674015085,1334.1199674015083,2.4513882748641933e-14,4.28425291517003e-10,7.187882086165458e-13,5.128856209121483e-06,4.361149056201757e-12,8254705247647.137
8.696362308835296,12.17820605672023,1217.8206056720228,2.685490810483984e-14,4.279229832210026e-10,8.178085979563677e-13,5.128856209121483e-06,4.777629816406605e-12,7535117073402.026
9.528572312000872,11.114581353127463,1111.458135312746,2.942482439457791e-14,4.274321516278888e-10,9.302872868622663e-13,5.128856209121483e-06,5.234831481129817e-12,6877012207512.405
10.441996291457835,10.14232232849277,1014.2322328492769,3.224553449817515e-14,4.269669544874223e-10,1.0575526158232397e-12,5.128856209121483e-06,5.736650688321845e-12,6275438745692.769
11.444419266472094,9.253950740091907,925.3950740091906,3.5341079039694306e-14,4.26537325567754e-10,1.2012090306769322e-12,5.128856209121483e-06,6.287364391822149e-12,5725769616092.952
12.544384853937128,8.44250980610279,844.2509806102788,3.873784123989017e-14,4.261502267314704e-10,1.3631980315112656e-12,5.128856209121483e-06,6.891666305779317e-12,5223700394462.015
13.751268074827742,7.701550981669606,770.1550981669604,4.2464771747070395e-14,4.2581053354576453e-10,1.5458270026571933e-12,5.128856209121483e-06,7.55470690324726e-12,4765241121998.529
15.07535524967207,7.025114193789579,702.5114193789578,4.655363535928617e-14,4.2552165935748446e-10,1.7523030728984213e-12,5.128856209121483e-06,8.282137309364399e-12,4346704075926.842
16.527931663304642,6.407703897761418,640.7703897761418,5.103928173854621e-14,4.2528599381608253e-10,1.9843430301729643e-12,5.128856209121483e-06,9.080157462840433e-12,3964688954715.3916
18.121377745551058,5.844262706067826,584.4262706067825,5.5959942422757716e-14,4.251052103545436e-10,2.24675763749752e-12,5.128856209121483e-06,9.955568955947414e-12,3616066561268.0786
19.869274587205187,5.330143869927174,533.0143869927174,6.135755666563164e-14,4.249804814529915e-10,2.5395905277559558e-12,5.128856209121483e-06,1.0915833003157762e-11,3297961776218.6196
21.786519690323058,4.861083534509274,486.1083534509274,6.727812888079505e-14,4.2491262918341895e-10,2.8701978807252595e-12,5.128856209121483e-06,1.196913403233743e-11,3007736391182.3145
23.889453939158102,4.4331734166303765,443.31734166303755,7.377212073594227e-14,4.2490223042721967e-10,3.241067685593348e-12,5.128856209121483e-06,1.3124449440363768e-11,2742972203411.696
26.196000873753686,4.042834349078107,404.28343490781066,8.089488123835747e-14,4.2494969039418887e-10,3.658678933281389e-12,5.128856209121483e-06,1.4391626107608788e-11,2501454646668.937
28.725819453106993,3.6867909830658174,368.6790983065817,8.870711847707352e-14,4.250552939964695e-10,4.127317401502983e-12,5.128856209121483e-06,1.5781464323357705e-11,2281157138676.758
31.50047160982325,3.3620478274955503,336.20478274955497,9.72754170420732e-14,4.252192417611147e-10,4.6527944348685076e-12,5.128856209121483e-06,1.7305809837414362e-11,2080226255703.4263
34.543606024274524,3.0658667212238657,306.5866721223865,1.0667280553033061e-13,4.2544167495049365e-10,5.2416565945410056e-12,5.128856209121483e-06,1.897765482241967e-11,1896967793800.876
37.88115968453304,2.7957457750200083,279.5745775020008,1.1697937897543105e-13,4.25722693149228e-10,5.902123265476357e-12,5.128856209121483e-06,2.081124860736441e-11,1729833739397.1064
41.54157894995686,2.549399777713589,254.93997777135883,1.2828298150568344e-13,4.260623665905446e-10,6.644281029933005e-12,5.128856209121483e-06,2.282221912606859e-11,1577410145838.059
45.556062002545005,2.3247420318063274,232.4742031806327,1.40679955048996e-13,4.2646074480691227e-10,7.475838895400785e-12,5.128856209121483e-06,2.5027706115728394e-11,1438405894393.0217
49.95882475247931,2.119867564251213,211.98675642512126,1.5427596046574052e-13,4.269178627101227e-10,8.410507625208929e-12,5.128856209121483e-06,2.7446507200784338e-11,1311642306128.1628
54.78739246417814,1.933037645661573,193.30376456615727,1.6918687810815824e-13,4.27433744871702e-10,9.449839717486333e-12,5.128856209121483e-06,3.009923810719022e-11,1196043563355.1863
60.08291958841175,1.7626655439912697,176.26655439912696,1.855397954818396e-13,4.280084085416826e-10,1.0616906688469717e-11,5.128856209121483e-06,3.300850837260041e-11,1090627894893.9954
65.89054052643395,1.607303435284525,160.73034352845247,2.034740904271957e-13,4.2864186578154797e-10,1.1924586129365964e-11,5.128856209121483e-06,3.6199114050067666e-11,994499477258.1376
72.25975431572795,1.4656303933466344,146.56303933466342,2.231426190529858e-13,4.2933412497414117e-10,1.3391934111701683e-11,5.128856209121483e-06,3.9698249047684216e-11,906841003409.4451
79.24484651607943,1.3364413813256903,133.644138132569,2.447130185467709e-13,4.3008519189452406e-10,1.5037060353755886e-11,5.128856209121483e-06,4.3535736905434024e-11,826906871432.9392
86.90535189176073,1.2186371706174772,121.86371706174769,2.6836913596629744e-13,4.308950704708044e-10,1.6877032560708828e-11,5.128856209121483e-06,4.774428498471705e-11,754016946981.6881
95.30656183331287,1.1112151157662866,111.12151157662865,2.9431259518954425e-13,4.317637633255518e-10,1.8935147647428163e-11,5.128856209121483e-06,5.235976323702859e-11,687550855358.7379
104.52008084374253,1.0132607178061894,101.32607178061893,3.227645153787368e-13,4.3269127216158466e-10,2.123875305743111e-11,5.128856209121483e-06,5.7421509927772566e-11,626942761437.0027
114.62443683212656,0.9239399125336292,92.3939912533629,3.5396739560498435e-13,4.3367759803710956e-10,2.3820110238388952e-11,5.128856209121483e-06,6.297266692092637e-11,571676598121.6031
125.70575041622781,0.8424920243522902,84.24920243522901,3.8818718169641825e-13,4.347227415620176e-10,2.6713371741112752e-11,5.128856209121483e-06,6.906054738222747e-11,521281706626.96625
137.85846893866804,0.7682233304651611,76.82233304651609,4.2571553292582175e-13,4.3582670303787086e-10,2.995774139984568e-11,5.128856209121483e-06,7.573703903486002e-11,475328854398.8368
151.18617145275937,0.700501184223609,70.05011842236088,4.668723078569826e-13,4.36989482557597e-10,3.3594845678690185e-11,5.128856209121483e-06,8.30590464046344e-11,433426599007.8997
165.80245153898693,0.6387486503237176,63.87486503237176,5.120082905369422e-13,4.382110800762981e-10,3.7668902505481675e-11,5.128856209121483e-06,9.108897582396919e-11,395217968742.67786
181.8318854764888,0.5824396082313372,58.24396082313372,5.615081802697869e-13,4.3949149546132653e-10,4.221930836895537e-11,5.128856209121483e-06,9.989526732842074e-11,360377432913.25885
199.41109402137317,0.5310942836988816,53.10942836988816,6.157938704541821e-13,4.4083072852746673e-10,4.7318542776241185e-11,5.128856209121483e-06,1.0955297797917648e-10,328608137031.59015
218.6899068415331,0.4842751714994927,48.42751714994926,6.753280444305585e-13,4.4222877906141587e-10,5.303219283933404e-11,5.128856209121483e-06,1.201444215832383e-10,299639380052.7686
239.83263953257986,0.44158331554577573,44.15833155457757,7.406181189858008e-13,4.436856468385832e-10,5.944258651124277e-11,5.128856209121483e-06,1.317598702637094e-10,273224312743.6918
263.0194940990395,0.40265491538438125,40.26549153843812,8.122205691263533e-13,4.4520133163438626e-10,6.663358128650372e-11,5.128856209121483e-06,1.4449832385974383e-10,249137837992.79993
288.44809483729495,0.36715823067103287,36.71582306710329,8.907456709803457e-13,4.4677583323161936e-10,7.469716507103541e-11,5.128856209121483e-06,1.584683537138541e-10,227174695491.60022
316.3351727107704,0.33479075764275795,33.47907576427579,9.768627032530038e-13,4.484091514250317e-10,8.373759007318162e-11,5.128856209121483e-06,1.7378902803826745e-10,207147714711.1553
346.9184125734991,0.3052766538254984,30.527665382549834,1.0713056515680046e-12,4.5010128602394296e-10,9.384666547795248e-11,5.128856209121483e-06,1.9059092674734475e-10,188886221471.19888
380.4584789861646,0.27836438925768503,27.8364389257685,1.1748794643135075e-12,4.5185223685348994e-10,1.0517399825655481e-10,5.128856209121483e-06,2.090172544055894e-10,172234584663.25217
417.24123789089987,0.2538246043853024,25.382460438530238,1.288466913312219e-12,4.536620037549396e-10,1.1787345782768757e-10,5.128856209121483e-06,2.2922506077704394e-10,157050890849.2141
457.58019308043004,0.23144815650330416,23.144815650330415,1.41303611778976e-12,4.555305865853756e-10,1.321104224677552e-10,5.128856209121483e-06,2.513865793789524e-10,143205735520.717
501.81915822787346,0.21104433819324234,21.104433819324232,1.5496487957690102e-12,4.5745798521698603e-10,1.4807981141885016e-10,5.128856209121483e-06,2.75690695448342e-10,130581120779.04912
550.3351872512345,0.19243925264866651,19.243925264866647,1.6994693132180586e-12,4.5944419953610606e-10,1.6598436297450539e-10,5.128856209121483e-06,3.023445558331794e-10,119069450087.47978
603.5417879884172,0.1754743320986483,17.547433209864828,1.8637746080786765e-12,4.614892294421327e-10,1.860607735177904e-10,5.128856209121483e-06,3.3157533452938713e-10,108572611563.81151
661.8924465733018,0.16000498674547553,16.00049867454755,2.043965073759013e-12,4.6359307484638677e-10,2.0855364699996142e-10,5.128856209121483e-06,3.636321689116062e-10,99001142026.98904
725.8844925515577,0.14589937273438758,14.589937273438757,2.2415764948518062e-12,4.657557356709766e-10,2.337570841267275e-10,5.128856209121483e-06,3.9878828316042997e-10,90273464693.3381
796.0633376790165,0.133037268679737,13.303726867973698,2.4582931368075967e-12,4.67977211847698e-10,2.6195253618957933e-10,5.128856209121483e-06,4.373433169843179e-10,82315194040.77434
873.0271245303989,0.12130905119111664,12.130905119111661,2.6959621011278254e-12,4.702575033169939e-10,2.935318434125701e-10,5.128856209121483e-06,4.796258794841746e-10,75058501928.03833
957.4318245390368,0.11061476068218314,11.061476068218312,2.9566090684288143e-12,4.725966100269843e-10,3.2891077389592475e-10,5.128856209121483e-06,5.259963499274802e-10,68441539575.25251
1049.9968289187677,0.10086324951090386,10.086324951090385,3.24245556355658e-12,4.74994531932577e-10,3.6854648194818753e-10,5.128856209121483e-06,5.768499493032909e-10,62407910486.04608
1151.5110801201,0.09197140519902401,9.1971405199024,3.555937889905115e-12,4.774512689946567e-10,4.1290357017457566e-10,5.128856209121483e-06,6.326201088373445e-10,56906189824.03562
1262.8397960797865,0.08386344211645382,8.38634421164538,3.899727894317617e-12,4.79966821179355e-10,4.6258530428194284e-10,5.128856209121483e-06,6.937821641775268e-10,51889486151.143295
1384.9318445753406,0.07647025559829286,7.647025559829285,4.276755739552239e-12,4.825411884573935e-10,5.182076763078903e-10,5.128856209121483e-06,7.608574067356584e-10,47315041795.35093
1518.8278305370343,0.06972883299316732,6.972883299316732,4.6902348784049285e-12,4.851743708035003e-10,5.804011534936619e-10,5.128856209121483e-06,8.344175267156899e-10,43143868444.01249
1665.668965246456,0.06358171662592117,6.358171662592117,5.143689442346627e-12,4.878663681958932e-10,6.499108019472223e-10,5.128856209121483e-06,9.150894856967402e-10,39340414858.54245
1826.7067930148698,0.05797651409950683,5.797651409950682,5.640984278111465e-12,4.906171806158204e-10,7.27576236034051e-10,5.128856209121483e-06,1.003560860300585e-09,35872263879.65882
2003.3138582429979,0.05286545176389695,5.286545176389695,6.186357888241336e-12,4.934268080471589e-10,8.144175127069957e-10,5.128856209121483e-06,1.100585702488304e-09,32709856141.696133
2196.9954037788657,0.04820496754737466,4.820496754737466,6.784458556343064e-12,4.96295250476062e-10,9.113701885828487e-10,5.128856209121483e-06,1.2069909664340982e-09,29826238141.912064
2409.402200280097,0.043955339680763865,4.395533968076386,7.440383964957732e-12,4.992225078906485e-10,1.0198000337201001e-09,5.128856209121483e-06,1.323683556753234e-09,27196832518.11464
2642.3446159269783,0.04008034815085537,4.008034815085536,8.159724643710364e-12,5.022085802807355e-10,1.140719005997446e-09,5.128856209121483e-06,1.4516580581570711e-09,24799228577.08186
2897.8080464039854,0.03654696599808084,3.6546965998080836,8.948611618053317e-12,5.052534676376024e-10,1.275884006526237e-09,5.128856209121483e-06,1.5920052124158645e-09,22612991288.74715
3177.9698366613775,0.033325077827721414,3.3325077827721405,9.813768664719342e-12,5.083571699537879e-10,1.4265615957871538e-09,5.128856209121483e-06,1.7459212148795243e-09,20619487118.428844
3485.217838683021,0.030387223135788507,3.0387223135788504,1.0762569619263743e-11,5.115196872229127e-10,1.5947395460144141e-09,5.128856209121483e-06,1.914717909791671e-09,18801725212.836678
3822.1707634305208,0.027708362262139588,2.7708362262139588,1.1803101224134635e-11,5.14741019439527e-10,1.7820830574576344e-09,5.128856209121483e-06,2.0998339712928704e-09,17144212586.40499
4191.7005004256125,0.025265662976192628,2.5265662976192624,1.2944232052932625e-11,5.180211665989789e-10,1.9907056657214666e-09,5.128856209121483e-06,2.30284716541002e-09,15632822073.795868
4596.95659520331,0.023038305876413784,2.303830587641378,1.4195688098309707e-11,5.213601286972996e-10,2.22295174467865e-09,5.128856209121483e-06,2.5254877975423003e-09,14254671923.19587
5041.393093259952,0.02100730694507472,2.1007306945074715,1.5568135667751702e-11,5.247579057311057e-10,2.4814732107833336e-09,5.128856209121483e-06,2.769653460058163e-09,12998016004.227472
5528.79797929047,0.019155355745966832,1.9155355745966829,1.7073272293775338e-11,5.282144976975144e-10,2.7696237329671077e-09,5.128856209121483e-06,3.0374252056989606e-09,11852143694.75011
6063.325462628629,0.01746666788607091,1.7466667886070908,1.872392643337731e-11,5.317299045940706e-10,3.0897495721115398e-09,5.128856209121483e-06,3.331085284636863e-09,10807288593.31037
6649.531384063263,0.015926850483736873,1.5926850483736872,2.0534166806486664e-11,5.353041264186858e-10,3.446530612824329e-09,5.128856209121483e-06,3.653136596362319e-09,9854545279.212305
7292.412045806648,0.01452277949677715,1.452277949677715,2.251942230532402e-11,5.389371631695825e-10,3.841885421813267e-09,5.128856209121483e-06,4.006324022191609e-09,8985793410.765276
7997.446795567565,0.013242487864950596,1.3242487864950596,2.4696613496669857e-11,5.426290148452503e-10,4.282174544341073e-09,5.128856209121483e-06,4.393657820214067e-09,8193628514.804554
8770.644727678164,0.012075063513481048,1.2075063513481048,2.7084296837851084e-11,5.463796814444056e-10,4.770999142939342e-09,5.128856209121483e-06,4.818439282076857e-09,7471298877.607352
9618.59589931367,0.01101055634829699,1.1010556348296987,2.9702822835615385e-11,5.501891629659577e-10,5.314288722317986e-09,5.128856209121483e-06,5.2842888702830425e-09,6812647999.327056
10548.527498327087,0.01003989345031213,1.003989345031213,3.25745094959009e-11,5.54057459408981e-10,5.91688124407758e-09,5.128856209121483e-06,5.795177075820583e-09,6212062121.484439
11568.365441423659,0.009154801745946418,0.9154801745946417,3.572383254283308e-11,5.579845707726905e-10,6.584310027004934e-09,5.128856209121483e-06,6.355458259125322e-09,5664422380.291826
12686.801927683864,0.008347737494805045,0.8347737494805043,3.917763402820846e-11,5.619704970564191e-10,7.323713054946411e-09,5.128856209121483e-06,6.969907762808599e-09,5165061178.010973
13913.369523201343,0.007611821993535571,0.761182199353557,4.29653511094679e-11,5.660152382596023e-10,8.143898694418386e-09,5.128856209121483e-06,7.643762612465535e-09,4709722400.49564
15258.522408268253,0.006940782947862853,0.6940782947862851,4.711926694606212e-11,5.701187943817613e-10,9.054926417574278e-09,5.128856209121483e-06,8.382766152461991e-09,4294525141.8503327
16733.72547958681,0.006328901013111789,0.6328901013111788,5.167478585262701e-11,5.742811654224899e-10,1.0059661313043508e-08,5.128856209121483e-06,9.193216997135927e-09,3915930627.028114
18351.552066936318,0.005770961047578136,0.5770961047578135,5.667073505413359e-11,5.785023513814444e-10,1.1174422249040169e-08,5.128856209121483e-06,1.0082022714630411e-08,3570712050.4458904
20125.791097145906,0.005262207663275922,0.5262207663275921,6.214969561490628e-11,5.827823522583342e-10,1.2407732537259042e-08,5.128856209121483e-06,1.1056758700911662e-08,3255927073.549294
22071.56461874422,0.004798304695216352,0.47983046952163516,6.815836536205617e-11,5.871211680529126e-10,1.3774503153839326e-08,5.128856209121483e-06,1.2125732745762336e-08,2968892746.9213085
24205.456688962866,0.004375298243770888,0.4375298243770887,7.474795689657023e-11,5.915187987649714e-10,1.52819411161895e-08,5.128856209121483e-06,1.3298055841053841e-08,2707162643.193343
26545.654721612,0.003989582975125063,0.39895829751250633,8.197463408434906e-11,5.959752443943341e-10,1.695160378701604e-08,5.128856209121483e-06,1.4583719834804584e-08,2468506005.860362
29112.10450055398,0.0036378713925980925,0.3637871392598092,8.989999074746214e-11,6.004905049408516e-10,1.8799167430472234e-08,5.128856209121483e-06,1.5993682592879406e-08,2250888736.283141
31926.68017997129,0.0033171658169248073,0.3317165816924807,9.859157563555681e-11,6.05064580404398e-10,2.0836392928134206e-08,5.128856209121483e-06,1.753996139417258e-08,2052456056.828068
35013.3707203632,0.0030247328366845372,0.3024732836684537,1.0812346815182034e-10,6.096974707848667e-10,2.3084797336800026e-08,5.128856209121483e-06,1.923573535529354e-08,1871516702.380346
38398.48434928516,0.0027580800111154154,0.2758080011115415,1.185769097404695e-10,6.143891760821673e-10,2.5567326878268844e-08,5.128856209121483e-06,2.1095457757731936e-08,1706528505.4933321
42110.872789475994,0.002514934626749382,0.25149346267493816,1.3004099631716447e-10,6.191396962962244e-10,2.8313646771284112e-08,5.128856209121483e-06,2.3134979234880967e-08,1556085252.3144796
46182.17716549315,0.0022932243268085563,0.22932243268085561,1.4261343764400428e-10,6.239490314269732e-10,3.133157345582621e-08,5.128856209121483e-06,2.537168286885495e-08,1418904697.259631
50647.09768475005,0.0020910594482648915,0.20910594482648914,1.5640139012135648e-10,6.288171814743598e-10,3.4667276024895824e-08,5.128856209121483e-06,2.7824632348548874e-08,1293817634.2832248
55543.68939147658,0.001906716916020045,0.19067169160200448,1.7152237009449575e-10,6.337441464383381e-10,3.8340198131127015e-08,5.128856209121483e-06,3.051473445170736e-08,1179757931.5977213
60913.68651434949,0.0017386255569336315,0.17386255569336312,1.8810525545927543e-10,6.387299263188698e-10,4.239709429606902e-08,5.128856209121483e-06,3.3464917235857183e-08,1075753444.90697
66802.85817224656,0.0015853527085296255,0.15853527085296254,2.0629138410363667e-10,6.437745211159221e-10,4.6867419980929676e-08,5.128856209121483e-06,3.670032545684632e-08,980917731.7059549
73261.39846984464,0.0014455920082454318,0.14455920082454315,2.2623575854709646e-10,6.488779308294674e-10,5.17920753287716e-08,5.128856209121483e-06,4.0248534880563477e-08,894442496.0269759
80344.35430789496,0.0013181522591498972,0.1318152259149897,2.481083670455061e-10,6.540401554594828e-10,5.72100146291764e-08,5.128856209121483e-06,4.41397873144438e-08,815590699.2379134
88112.09455445064,0.0012019472772315577,0.12019472772315576,2.72095632421005e-10,6.592611950059485e-10,6.31781967560489e-08,5.128856209121483e-06,4.8407248361960383e-08,743690278.1751522
96630.82457584995,0.0010959866337243243,0.10959866337243242,2.984020009657233e-10,6.645410494688483e-10,6.975731474927584e-08,5.128856209121483e-06,5.308729009697481e-08,678128417.0700488
105973.15051286218,0.0009993672135663973,0.09993672135663972,3.2725168496164306e-10,6.698797188481677e-10,7.699722699677817e-08,5.128856209121483e-06,5.821980106721245e-08,618346324.4479216
116218.69811139065,0.0009112655180441364,0.09112655180441363,3.588905736683275e-10,6.752772031438957e-10,8.498108387869285e-08,5.128856209121483e-06,6.38485262690605e-08,563834470.4824417
127454.79138209518,0.0008309306460154717,0.08309306460154715,3.935883290660774e-10,6.807335023560218e-10,9.37207287284114e-08,5.128856209121483e-06,7.002143999133079e-08,514128244.2128737
139777.1968732362,0.0007576778938909302,0.07576778938909301,4.3164068421680086e-10,6.862486164845382e-10,1.0334819168274402e-07,5.128856209121483e-06,7.679115470578274e-08,468803993.6100742
153290.93990026152,0.0006908829198242187,0.06908829198242186,4.733719638317817e-10,6.918225455294374e-10,1.1391000687616182e-07,5.128856209121483e-06,8.421536948942602e-08,427475414.74030006
168111.19968895696,0.000629976422373056,0.0629976422373056,5.191378485294458e-10,6.97455289490714e-10,1.2554072048559228e-07,5.128856209121483e-06,9.235736180055893e-08,389790259.2512352
184364.2910615742,0.0005744392882758456,0.05744392882758455,5.693284063432288e-10,7.031468483683627e-10,1.383320291728147e-07,5.128856209121483e-06,1.0128652680000994e-07,355427332.11774486
202188.741032958,0.0005237981679881382,0.052379816798813816,6.243714173174273e-10,7.088972221623795e-10,1.523936585007223e-07,5.128856209121483e-06,1.1107896881427748e-07,324093754.058804
221736.46949263732,0.00047762144126863216,0.04776214412686321,6.84736019526987e-10,7.14706410872761e-10,1.6784411494513238e-07,5.128856209121483e-06,1.218181499816835e-07,295522465.29283965
243174.08403595618,0.0004355155384289719,0.04355155384289718,7.509367075966301e-10,7.205744144995036e-10,1.8481213679604772e-07,5.128856209121483e-06,1.335956016100195e-07,269469949.3557282
266684.2999802683,0.0003971215858928606,0.039712158589286055,8.235377177992512e-10,7.265012330426054e-10,2.034659065144971e-07,5.128856209121483e-06,1.4651170430868305e-07,245714157.58124143
292467.4976691319,0.00036211234747425823,0.03621123474742582,9.031578371082048e-10,7.324868665020642e-10,2.2392330926203956e-07,5.128856209121483e-06,1.6067654354444839e-07,224052616.55408478
320743.43033761694,0.00033018943530476667,0.033018943530476665,9.904756771916758e-10,7.38531314877878e-10,2.4641815260622696e-07,5.128856209121483e-06,1.7621084791288636e-07,204300702.40509468
351753.09709504683,0.0003010807666386367,0.030108076663863666,1.0862354582999695e-09,7.446345781700457e-10,2.710503595172963e-07,5.128856209121483e-06,1.9324701812242445e-07,186290067.24022797
385760.79698883195,0.000274538244859437,0.027453824485943697,1.1912533523424827e-09,7.507966563785657e-10,2.98128545567524e-07,5.128856209121483e-06,2.1193025546120038e-07,169867204.2916061
423056.3816564277,0.00025033564492332825,0.02503356449233282,1.3064244392171623e-09,7.57017549503437e-10,3.2782729936019233e-07,5.128856209121483e-06,2.324197993647693e-07,154892139.56122604
463957.72576502705,0.0002282666852163337,0.02282666852163337,1.4327303356820458e-09,7.632972575446589e-10,3.6045463445252804e-07,5.128856209121483e-06,2.5489028463259417e-07,141237238.80606663
508813.4362948437,0.00020814326939181256,0.020814326939181255,1.571247561790678e-09,7.696357805022308e-10,3.962639442920748e-07,5.128856209121483e-06,2.795332298610408e-07,128786119.69638106
558005.8237575206,0.0001897938832031126,0.018979388320311256,1.7231567161994938e-09,7.760331183761516e-10,4.355295756379327e-07,5.128856209121483e-06,3.06558669778963e-07,117432659.87537381
611954.1606737229,0.00017306213266741352,0.01730621326674135,1.8897525385494463e-09,7.824892711664209e-10,4.785781974044504e-07,5.128856209121483e-06,3.361969453984751e-07,107080092.46583502
671118.2550822727,0.00015780541110136905,0.015780541110136905,2.0724549446846467e-09,7.890042388730385e-10,5.257824237965358e-07,5.128856209121483e-06,3.687006672385602e-07,97640181.3146352
736002.3695383136,0.00014389368366752035,0.014389368366752033,2.2728211287626254e-09,7.955780214960041e-10,5.775912421706472e-07,5.128856209121483e-06,4.0434686835432745e-07,89032468.94558203
807159.5190025289,0.00013120837907204275,0.013120837907204275,2.4925588354037582e-09,8.022106190353171e-10,6.343258585948216e-07,5.128856209121483e-06,4.4343936552240675e-07,81183590.8108635
885196.1842529003,0.00011964137896761897,0.011964137896761895,2.7335409150001573e-09,8.08902031490977e-10,6.965936036407848e-07,5.128856209121483e-06,4.863113487071839e-07,74026649.9963508
970777.4809919002,0.0001090940964480151,0.01090940964480151,2.997821286240426e-09,8.156522588629842e-10,7.647321550393339e-07,5.128856209121483e-06,5.33328220878158e-07,67500647.05131066
1064632.8287060778,9.947663578024976e-05,0.009947663578024974,3.2876524419009124e-09,8.224613011513381e-10,8.395050229338942e-07,5.128856209121483e-06,5.848907123825533e-07,61549960.08289128
1167562.1675943856,9.070702621265781e-05,0.00907070262126578,3.605504647107347e-09,8.293291583560388e-10,9.214517716795826e-07,5.128856209121483e-06,6.414382964173382e-07,56123870.68416844
1280442.7765528385,8.271052332850676e-05,0.008271052332850675,3.9540869936958496e-09,8.36255830477086e-10,1.011319577080368e-06,5.128856209121483e-06,7.034529347111132e-07,51176131.655181885
1404236.7503260318,7.54189719905155e-05,0.007541897199051549,4.336370490122221e-09,8.432413175144797e-10,1.109806356519056e-06,5.128856209121483e-06,7.714631853407788e-07,46664572.832594335
1539999.1995541186,6.877022544658132e-05,0.006877022544658131,4.755613383717409e-09,8.502856194682195e-10,1.2177228213890254e-06,5.128856209121483e-06,8.460487076943623e-07,42550741.66841599
1688887.2436052621,6.270761564568048e-05,0.006270761564568047,5.215388931113883e-09,8.573887363383058e-10,1.3359837566294104e-06,5.128856209121483e-06,9.278452029763617e-07,38799575.4944019
1852169.8728404802,5.717947024938612e-05,0.005717947024938611,5.719615853533321e-09,8.645506681247384e-10,1.4655131204369893e-06,5.128856209121483e-06,1.0175498323640856e-06,35379102.67879537
2031238.7643681788,5.213867222243261e-05,0.005213867222243261,6.272591736509837e-09,8.717714148275167e-10,1.6075062768039223e-06,5.128856209121483e-06,1.1159271589946033e-06,32260170.12833908
2227620.1434722985,4.754225824866649e-05,0.004754225824866648,6.879029658718389e-09,8.790509764466413e-10,1.7629895340832174e-06,5.128856209121483e-06,1.2238156644265428e-06,29416194.813022695
2442987.791810426,4.33510525496354e-05,0.004335105254963539,7.544098362100238e-09,8.863893529821119e-10,1.9334426213454496e-06,5.128856209121483e-06,1.342134895117314e-06,26822937.19578261
2679177.3132522963,3.9529332984807344e-05,0.003952933298480734,8.273466305660196e-09,8.937865444339288e-10,2.1198299300663624e-06,5.128856209121483e-06,1.4718932998260316e-06,24458294.63606837
2938201.77894806,3.60445265875539e-05,0.00360445265875539,9.073349978411245e-09,9.012425508020915e-10,2.3240496353428233e-06,5.128856209121483e-06,1.6141968247412223e-06,22302113.00643048
3222268.8849711884,3.286693194191287e-05,0.003286693194191286,9.950566883243791e-09,9.087573720866002e-10,2.5474530991339066e-06,5.128856209121483e-06,1.7702583395906655e-06,20336014.91651452
3533799.7687724507,2.996946603391751e-05,0.0029969466033917505,1.091259364330675e-08,9.163310082874548e-10,2.7922350724984686e-06,5.128856209121483e-06,1.941407975073108e-06,18543243.08039599
3875449.64482004,2.7327433419873363e-05,0.0027327433419873357,1.1967629726148696e-08,9.239634594046556e-10,3.0603825645258264e-06,5.128856209121483e-06,2.1291044597191338e-06,16908517.49225542
4250130.435305626,2.4918315744179233e-05,0.002491831574417923,1.3124667328746781e-08,9.316547254382019e-10,3.3539633190181524e-06,5.128856209121483e-06,2.3349475528064635e-06,15417905.193086762
4661035.588800693,2.272157981272605e-05,0.0022721579812726047,1.439356801906232e-08,9.394048063880944e-10,3.675452576075438e-06,5.128856209121483e-06,2.560691679296991e-06,14058701.518444186
5111667.298395363,2.0718502586061734e-05,0.002071850258606173,1.578514678734762e-08,9.472137022543327e-10,4.027242988015653e-06,5.128856209121483e-06,2.8082608830076533e-06,12819321.815088607
5605866.351303228,1.889201160071733e-05,0.0018892011600717326,1.731126422358368e-08,9.55081413036917e-10,4.412516782125687e-06,5.128856209121483e-06,3.079765225462855e-06,11689202.703621538
6147844.864343721,1.722653945858748e-05,0.0017226539458587479,1.898492760668731e-08,9.630079387358473e-10,4.834154013264317e-06,5.128856209121483e-06,3.3775187701976733e-06,10658712.045556763
6742222.184310695,1.570789114415977e-05,0.0015707891144159769,2.082040176708391e-08,9.70993279351123e-10,5.295960005416547e-06,5.128856209121483e-06,3.704059305794376e-06,9719066.847467605
7394064.259209952,1.4323123038723424e-05,0.001432312303872342,2.2833330667539545e-08,9.790374348827449e-10,5.801098387332335e-06,5.128856209121483e-06,4.062169975753818e-06,8862258.402498156
8108926.815931615,1.3060432600380326e-05,0.0013060432600380326,2.5040870738500806e-08,9.871404053307126e-10,6.3542039537204756e-06,5.128856209121483e-06,4.4549029995557534e-06,8080984.031210095
8892902.712365756,1.1909057769588215e-05,0.0011909057769588214,2.7461837104375227e-08,9.953021906950262e-10,6.959405038816887e-06,5.128856209121483e-06,4.885605687085511e-06,7368584.839984428
9752673.867548816,1.0859185242857853e-05,0.001085918524285785,3.0116863947055776e-08,1.0035227909756857e-09,7.622742903958511e-06,5.128856209121483e-06,5.357948968150933e-06,6718988.966485782
10695568.212447794,9.90186683280979e-06,0.000990186683280979,3.302858037348724e-08,1.0118022061726912e-09,8.34999603473265e-06,5.128856209121483e-06,5.875958680250182e-06,6126659.828463466
11729622.146780014,9.028943201718103e-06,0.0009028943201718102,3.6221803286213265e-08,1.0201404362860422e-09,9.145625016986442e-06,5.128856209121483e-06,6.444049881259473e-06,5586548.934808041
12863649.034196105,8.232974318512257e-06,0.0008232974318512255,3.972374890076476e-08,1.0285374813157397e-09,1.0016367906065702e-05,5.128856209121483e-06,7.067064479492274e-06,5094052.856665938
14107314.319617629,7.507176046515e-06,0.0007507176046514999,4.356426471267411e-08,1.0369933412617825e-09,1.0969755572669672e-05,5.128856209121483e-06,7.750312501854797e-06,4644973.991872523
15471217.908964556,6.845362321445028e-06,0.0006845362321445028,4.7776083891201236e-08,1.0455080161241713e-09,1.20138124380528e-05,5.128856209121483e-06,8.499617351831842e-06,4235484.788293588
16966984.51340329,6.241892426861686e-06,0.0006241892426861685,5.239510426799489e-08,1.0540815059029058e-09,1.3154738442788549e-05,5.128856209121483e-06,9.321365443041358e-06,3862095.121147185
18607362.728131503,5.691622917673206e-06,0.0005691622917673206,5.7460694298547253e-08,1.0627138105979868e-09,1.4403434357636992e-05,5.128856209121483e-06,1.0222560631391205e-05,3521622.5462583243
20406333.690158423,5.189863781947659e-06,0.0005189863781947658,6.301602860418276e-08,1.071404930209413e-09,1.5767294968464886e-05,5.128856209121483e-06,1.1210883909769034e-05,3211165.1757119717
22379230.24118471,4.7323384673880125e-06,0.0004732338467388012,6.910845595444829e-08,1.0801548647371852e-09,1.725985983819856e-05,5.128856209121483e-06,1.2294758874050662e-05,2928076.9447200513
24542867.611220963,4.315147431772455e-06,0.00043151474317724547,7.578990282626138e-08,1.0889636141813032e-09,1.8892606480825265e-05,5.128856209121483e-06,1.3483423518401389e-05,2669945.0588991214
26915686.736776378,3.9347349066961094e-06,0.0003934734906696109,8.311731597939752e-08,1.0978311785417674e-09,2.0678627233799717e-05,5.128856209121483e-06,1.478700897178985e-05,2434569.4297392773
29517911.43513568,3.587858591337518e-06,0.00035878585913375174,9.115314782044039e-08,1.1067575578185776e-09,2.2632064846726807e-05,5.128856209121483e-06,1.6216625846795163e-05,2219943.9229902783
32371720.774339218,3.2715620179463043e-06,0.00032715620179463037,9.996588869200935e-08,1.1157427520117332e-09,2.477137746971276e-05,5.128856209121483e-06,1.7784458936668404e-05,2024239.2601427066
35501438.10799633,2.983149353519774e-06,0.00029831493535197734,1.0963065062402949e-07,1.1247867611212345e-09,2.7113707514287892e-05,5.128856209121483e-06,1.9503871067762953e-05,1845787.4272714371
38933738.386096776,2.7201624229003025e-06,0.0002720162422900302,1.2022980752242102e-07,1.1338895851470818e-09,2.9668684533474505e-05,5.128856209121483e-06,2.1389516992479444e-05,1683067.4583562408
42697875.50875576,2.4803597574585197e-06,0.000248035975745852,1.3185369725161534e-07,1.1430512240892755e-09,3.246230573817181e-05,5.128856209121483e-06,2.3457468293448994e-05,1534692.47190899
46825931.660655215,2.261697490791785e-06,0.00022616974907917848,1.4460139159482929e-07,1.1522716779478141e-09,3.550343864058635e-05,5.128856209121483e-06,2.5725350363527672e-05,1399397.8504191453
51353090.75128874,2.0623119386097265e-06,0.00020623119386097263,1.5858154065456142e-07,1.1615509467226997e-09,3.882578662316543e-05,5.128856209121483e-06,2.8212492629099142e-05,1276030.461869527
56317938.29157093,1.8805037143332784e-06,0.00018805037143332782,1.739132988902271e-07,1.1708890304139304e-09,4.243938465805298e-05,5.128856209121483e-06,3.094009329705499e-05,1163538.8314561623
61762790.262698896,1.7147232450223767e-06,0.00017147232450223765,1.9072734068567307e-07,1.180285929021507e-09,4.638386680247554e-05,5.128856209121483e-06,3.3931400029612826e-05,1060964.1797444802
67734053.78025088,1.5635575641830315e-06,0.00015635575641830313,2.091669741023629e-07,1.1897416425454297e-09,5.068331887824757e-05,5.128856209121483e-06,3.721190808688329e-05,967432.2508791086
74282622.62750725,1.4257182688872096e-06,0.00014257182688872096,2.2938936231089194e-07,1.1992561709856981e-09,5.536483217408672e-05,5.128856209121483e-06,4.0809577625979764e-05,882145.8611980844
81464311.02916658,1.3000305385627588e-06,0.00013000305385627587,2.51566863111222e-07,1.2088295143423127e-09,6.046152448073387e-05,5.128856209121483e-06,4.475507200873443e-05,804378.104742502
89340329.36256726,1.1854231218590642e-06,0.00011854231218590642,2.758884979585444e-07,1.2184616726152729e-09,6.59897729003584e-05,5.128856209121483e-06,4.908201914914858e-05,733466.1577512646
97977805.86095291,1.0809192062454448e-06,0.00010809192062454446,3.0256156301543557e-07,1.2281526458045786e-09,7.200444115624986e-05,5.128856209121483e-06,5.382729812806975e-05,668805.6293359966
107450358.75532341,9.856280925227214e-07,9.856280925227214e-05,3.3181339596150605e-07,1.2379024339102305e-09,7.850869739910525e-05,5.128856209121483e-06,5.9031353517948555e-05,609845.4101862015
117838723.7312994,8.987376032889056e-07,8.987376032889054e-05,3.6389331361925325e-07,1.2477110369322283e-09,8.558860163061511e-05,5.128856209121483e-06,6.473854009669911e-05,556082.9753996193
129231442.04889396,8.195071606553966e-07,8.195071606553965e-05,3.990747369107471e-07,1.2575784548705716e-09,9.326535578598095e-05,5.128856209121483e-06,7.09975008887031e-05,507060.1014032059
141725615.1901176,7.472614742142692e-07,7.472614742142692e-05,4.3765752125640717e-07,1.2675046877252612e-09,0.00010161697303134472,5.128856209121483e-06,7.78615817550454e-05,462358.9604595621
155427732.46635902,6.813847854585022e-07,6.813847854585021e-05,4.799705122781076e-07,1.2774897354962964e-09,0.00011065700502216229,5.128856209121483e-06,8.538928606657823e-05,421598.5594718606
170454578.6393497,6.21315619599572e-07,6.213156195995718e-05,5.263743485892095e-07,1.287533598183678e-09,0.00012045798495205804,5.128856209121483e-06,9.364477333505323e-05,384431.4927347304
186934229.2914601,5.665420000516178e-07,5.665420000516177e-05,5.772645355599913e-07,1.2976362757874047e-09,0.0001310479337072658,5.128856209121483e-06,0.00010269840605220622,350540.98095446173
205007142.42900014,5.165970847945936e-07,5.165970847945935e-05,6.330748162565869e-07,1.3077977683074776e-09,0.00014252247757158294,5.128856209121483e-06,0.00011262734939757636,319638.1713017095
224827355.6223677,4.710551874246885e-07,4.7105518742468845e-05,6.942808682842773e-07,1.3180180757438967e-09,0.00015495970630450116,5.128856209121483e-06,0.00012351622892642968,291459.6754847719
246563798.88643447,4.29528148978882e-07,4.2952814897888194e-05,7.614043580438428e-07,1.3282971980966611e-09,0.0001684741567130556,5.128856209121483e-06,0.00013545785184335073,265765.3248601044
270401734.49098516,3.9166202961032515e-07,3.9166202961032506e-05,8.350173869558174e-07,1.3386351353657712e-09,0.00018316377593005683,5.128856209121483e-06,0.00014855399800899218,242336.12344664644
296544335.9729014,3.571340919172685e-07,3.571340919172684e-05,9.157473675483968e-07,1.3490318875512277e-09,0.0001990233500394776,5.128856209121483e-06,0.0001629162874218359,220972.38139723815
325214419.8081708,3.256500502141347e-07,3.2565005021413465e-05,1.0042823709683876e-06,1.3594874546530302e-09,0.0002162335452425018,5.128856209121483e-06,0.0001786671315686002,201492.01301850867
356656344.5030012,2.9694156229989716e-07,2.969415622998971e-05,1.1013769914927771e-06,1.3700018366711778e-09,0.00023480592699333345,5.128856209121483e-06,0.00019594077675178388,183728.98483302683
391138093.2901921,2.7076394234585057e-07,2.7076394234585057e-05,1.2078587780247603e-06,1.3805750336056718e-09,0.00025499716226076925,5.128856209121483e-06,0.00021488444828673736,167531.90045639014
428953558.1818304,2.4689407540943785e-07,2.468940754094378e-05,1.3246352873906349e-06,1.3912070454565118e-09,0.0002770080383560819,5.128856209121483e-06,0.00023565960532038734,152762.7102279865
470425044.84557915,2.2512851579927264e-07,2.2512851579927262e-05,1.4527018195536932e-06,1.4018978722236973e-09,0.00030087856529272466,5.128856209121483e-06,0.0002584433169665931,139295.53459745078
515906019.6538959,2.0528175308351774e-07,2.052817530835177e-05,1.5931499006731953e-06,1.4126475139072285e-09,0.0003267426420277042,5.128856209121483e-06,0.00028342977148708713,127015.59123841066
565784122.319628,1.8718463096258833e-07,1.871846309625883e-05,1.7471765863106067e-06,1.423455970507106e-09,0.0003547534461182035,5.128856209121483e-06,0.0003108319313809413,115818.2167451775
620484469.7949897,1.706829055300663e-07,1.706829055300663e-05,1.9160946640752837e-06,1.4343232420233293e-09,0.00038510550272748,5.128856209121483e-06,0.0003408833484890552,105607.97457419912
680473279.5935049,1.5563593063368596e-07,1.5563593063368593e-05,2.101343842668166e-06,1.4452493284558983e-09,0.00041831043906626227,5.128856209121483e-06,0.0003738401545840528,96297.84162713826
746261843.4168539,1.419154591315926e-07,1.419154591315926e-05,2.3045030226888117e-06,1.456234229804813e-09,0.0004544695619096085,5.128856209121483e-06,0.0004099832444115853,87808.46654274322
818410884.954371,1.2940454982682215e-07,1.2940454982682214e-05,2.5273037537914916e-06,1.4672779460700737e-09,0.0004936454784498643,5.128856209121483e-06,0.0004496206697893884,80067.49337583421
897535338.9971669,1.1799657076368979e-07,1.1799657076368977e-05,2.7716449928870714e-06,1.4783804772516807e-09,0.0005361977117305545,5.128856209121483e-06,0.0004930902651692509,73008.94489905042
984309592.5998937,1.0759429039105248e-07,1.0759429039105246e-05,3.039609289176768e-06,1.4895418233496326e-09,0.0005825055368379458,5.128856209121483e-06,0.0005407625270398974,66572.66027115805
1079473232.9611723,9.810904884632823e-08,9.810904884632822e-06,3.333480533964687e-06,1.5007619843639313e-09,0.0006329488571498628,5.128856209121483e-06,0.0005930437717122727,60703.782279103245
1183837351.0124924,8.94600022970334e-08,8.94600022970334e-06,3.6557634265326964e-06,1.5120409602945752e-09,0.0006881592060601282,5.128856209121483e-06,0.0006503795984013684,55352.28978351707
1298291454.441916,8.15734338992598e-08,8.15734338992598e-06,4.009204821987925e-06,1.5233787511415657e-09,0.0007481725357190651,5.128856209121483e-06,0.0007132586871209062,50472.57138264277
1423811049.0729985,7.438212550032103e-08,7.438212550032102e-06,4.396817143032761e-06,1.534775356904901e-09,0.0008134019730360434,5.128856209121483e-06,0.0007438212550032101,46023.03666097979
1561465953.2160227,6.782478473050626e-08,6.782478473050626e-06,4.821904055198975e-06,1.5462307775845829e-09,0.0008846585062364541,5.128856209121483e-06,0.0006782478473050626,41965.761709265484
1712429415.8555984,6.18455226009865e-08,6.184552260098649e-06,5.288088624378591e-06,1.5577450131806106e-09,0.0009623881881044962,5.128856209121483e-06,0.0006184552260098649,38266.1658945249
1877988116.3901737,5.63933771553687e-08,5.639337715536869e-06,5.7993441966419065e-06,1.5693180636929846e-09,0.0010474605953818342,5.128856209121483e-06,0.0005639337715536869,34892.71712525601
2059553131.1522965,5.1421879114931234e-08,5.142187911493123e-06,6.360028263534668e-06,1.5809499291217035e-09,0.0011402031928852323,5.128856209121483e-06,0.0005142187911493124,31816.663099695066
2258671960.1786747,4.6888655815479147e-08,4.688865581547914e-06,6.974919601492605e-06,1.5926406094667688e-09,0.0012409958519281935,5.128856209121483e-06,0.00046888655815479144,29011.786246556592
2477041716.7354593,4.275507006013091e-08,4.27550700601309e-06,7.64925900191647e-06,1.60439010472818e-09,0.0013509296718105554,5.128856209121483e-06,0.0004275507006013091,26454.180269581993
2716523592.014822,3.898589080993104e-08,3.898589080993103e-06,8.388793939055416e-06,1.6161984149059363e-09,0.0014722900571045672,5.128856209121483e-06,0.0003898589080993104,24122.046391356045
2979158718.2870355,3.554899290554942e-08,3.554899290554941e-06,9.199827556407991e-06,1.628065540000039e-09,0.001604471824111346,5.128856209121483e-06,0.0003554899290554941,21995.507559755737
3267185565.711529,3.241508326075971e-08,3.2415083260759705e-06,1.0089272389157541e-05,1.639991480010488e-09,0.0017483205021956508,5.128856209121483e-06,0.00032415083260759706,20056.439033490886
3583059021.0821037,2.9557451194009994e-08,2.955745119400999e-06,1.1064709280524953e-05,1.6519762349372827e-09,0.0019055226088088406,5.128856209121483e-06,0.00029557451194009996,18288.313902796068
3929471311.116624,2.6951740770133412e-08,2.695174077013341e-06,1.2134451994189568e-05,1.6640198047804227e-09,0.0020774026785013522,5.128856209121483e-06,0.0002695174077013341,16676.06222862938
4309374948.622941,2.4575743211839514e-08,2.4575743211839513e-06,1.3307618073477833e-05,1.6761221895399091e-09,0.0022650962135235334,5.128856209121483e-06,0.00024575743211839514,15205.942599804219
4726007897.113724,2.240920761168653e-08,2.240920761168653e-06,1.459420655126021e-05,1.688283389215741e-09,0.00246992904511835,5.128856209121483e-06,0.00022409207611686532,13865.425013321317
5182921168.351454,2.0433668331208166e-08,2.043366833120816e-06,1.6005183172887923e-05,1.7005034038079195e-09,0.0026925931128835936,5.128856209121483e-06,0.00020433668331208164,12643.084079674978
5684009088.04047,1.8632287616099155e-08,1.8632287616099154e-06,1.7552573858533837e-05,1.7127822333164425e-09,0.0029351685846865996,5.128856209121483e-06,0.00018632287616099155,11528.50164291084
6233542487.624429,1.698971208604881e-08,1.6989712086048807e-06,1.9249567201528985e-05,1.7251198777413124e-09,0.003200685564183345,5.128856209121483e-06,0.00016989712086048808,10512.177985453522
6836205105.086262,1.5491941876070314e-08,1.5491941876070311e-06,2.1110626876298598e-05,1.7375163370825278e-09,0.0034895554313966373,5.128856209121483e-06,0.00015491941876070314,9585.450860893654
7497133504.999534,1.4126211313999817e-08,1.4126211313999814e-06,2.3151614913965456e-05,1.7499716113400889e-09,0.0038008869756534134,5.128856209121483e-06,0.00014126211313999817,8740.42166463978
8221960858.074278,1.288088011716666e-08,1.288088011716666e-06,2.5389926896312426e-05,1.7624857005139962e-09,0.004140127751043741,5.128856209121483e-06,0.0001288088011716666,7969.888113179669
9016864953.335218,1.174533418089158e-08,1.1745334180891579e-06,2.7844640220377282e-05,1.7750586046042492e-09,0.00450992650701661,5.128856209121483e-06,0.00011745334180891581,7267.28285816865
9888620852.146427,1.0709895113220312e-08,1.070989511322031e-06,3.053667669735825e-05,1.7876903236108481e-09,0.004909008616690236,5.128856209121483e-06,0.00010709895113220312,6626.617512144896
10844658632.858343,9.765737744847546e-09,9.765737744847545e-07,3.348898087167824e-05,1.8003808575337927e-09,0.0053395427773236664,5.128856209121483e-06,9.765737744847546e-05,6042.431608796834
11893126718.242178,8.904814911157743e-09,8.904814911157743e-07,3.672671558004405e-05,1.8131302063730835e-09,0.005805572048517087,5.128856209121483e-06,8.904814911157743e-05,5509.746062764549
13042961325.458057,8.11978886529223e-09,8.119788865292229e-07,4.027747641727079e-05,1.82593837012872e-09,0.006311149144296367,5.128856209121483e-06,8.119788865292229e-05,5024.020732308153
14303962630.487984,7.4039687376671015e-09,7.403968737667101e-07,4.417152693679166e-05,1.8388053488007024e-09,0.006851929352511277,5.128856209121483e-06,7.403968737667102e-05,4581.115723144139
15686878296.191723,6.751253508902543e-09,6.751253508902542e-07,4.844205659049363e-05,1.8517311423890307e-09,0.007437247108042851,5.128856209121483e-06,6.751253508902543e-05,4177.256103638087
17203495075.90519,6.156080010114985e-09,6.156080010114985e-07,5.3125463606331056e-05,1.8647157508937046e-09,0.008065047371006866,5.128856209121483e-06,6.156080010114984e-05,3808.999730617055
18866739273.3291,5.613375507372664e-09,5.613375507372663e-07,5.826166521471476e-05,1.877759174314725e-09,0.008743572012594179,5.128856209121483e-06,5.613375507372665e-05,3473.207911577401
20690786914.940193,5.11851446618591e-09,5.118514466185909e-07,6.389443786777551e-05,1.8908614126520905e-09,0.009469554734092753,5.128856209121483e-06,5.118514466185909e-05,3167.018653238308
22691184573.93727,4.66727912753103e-09,4.6672791275310297e-07,7.007179035122994e-05,1.9040224659058016e-09,0.010250744361877825,5.128856209121483e-06,4.66727912753103e-05,2887.822268435436
24884981875.517883,4.2558235593927874e-09,4.255823559392787e-07,7.684637296892257e-05,1.9172423340758594e-09,0.011087272968816507,5.128856209121483e-06,4.255823559392787e-05,2633.239133449479
27290876812.845123,3.880640877432131e-09,3.880640877432131e-07,8.42759262875763e-05,1.930521017162263e-09,0.011985202393509064,5.128856209121483e-06,3.880640877432132e-05,2401.0994061924857
29929375112.24867,3.5385333553973597e-09,3.5385333553973594e-07,9.242377326645272e-05,1.943858515165012e-09,0.012949747442479755,5.128856209121483e-06,3.53853335539736e-05,2189.4245323878204
32822965005.949486,3.226585170526032e-09,3.226585170526032e-07,0.00010135935896640452,1.9572548280841073e-09,0.013974412134449962,5.128856209121483e-06,3.2265851705260325e-05,1996.4103821186507
35996308901.91478,2.942137551643746e-09,2.9421375516437453e-07,0.00011115884243831798,1.9707099559195478e-09,0.015072852493057048,5.128856209121483e-06,2.9421375516437456e-05,1820.4118730159307
39476453584.47072,2.682766118143727e-09,2.6827661181437263e-07,0.00012190574583568849,1.9842238986713345e-09,0.016238345578217107,5.128856209121483e-06,2.6827661181437263e-05,1659.9289490272806
43293060737.23484,2.446260216705016e-09,2.4462602167050155e-07,0.00013369166628378465,1.997796656339467e-09,0.017489120070428882,5.128856209121483e-06,2.446260216705016e-05,1513.5937952623499
47478659753.14511,2.2306040796333982e-09,2.2306040796333976e-07,0.00014661705657275398,2.0114282289239453e-09,0.018800261228129736,5.128856209121483e-06,2.2306040796333976e-05,1380.1591799451319
52068924986.311844,2.0339596442356486e-09,2.0339596442356484e-07,0.00016079208132859852,2.0251186164247697e-09,0.020196129368180188,5.128856209121483e-06,2.0339596442356485e-05,1258.4878241104666
57102979808.74585,1.8546508867943703e-09,1.85465088679437e-07,0.0001763375559592774,2.0388678188419395e-09,0.021649185250331313,5.128856209121483e-06,1.8546508867943705e-05,1147.5427084412584
62623730063.47357,1.6911495376201355e-09,1.6911495376201353e-07,0.0001933859763786815,2.0526758361754565e-09,0.02319016129370636,5.128856209121483e-06,1.6911495376201354e-05,1046.378234630504
68678229756.09679,1.5420620554287057e-09,1.5420620554287056e-07,0.00021208264828493216,2.066542668425318e-09,0.024815336831828932,5.128856209121483e-06,1.5420620554287055e-05,954.1321659354151
75318082101.63321,1.406117750024267e-09,1.406117750024267e-07,0.00023258692561798722,2.0804683155915264e-09,0.026498961657428884,5.128856209121483e-06,1.4061177500242668e-05,870.0182782319383
82599879344.80429,1.2821579520570235e-09,1.2821579520570233e-07,0.0002550735687520663,2.0944527776740793e-09,0.02825464763213865,5.128856209121483e-06,1.2821579520570232e-05,793.3196589338183
90585685102.41318,1.1691261375476442e-09,1.1691261375476441e-07,0.00027973423399893667,2.1084960546729793e-09,0.030061329404425408,5.128856209121483e-06,1.1691261375476444e-05,723.3825966620531
99343563338.86978,1.066058923008795e-09,1.0660589230087947e-07,0.00030677910711725986,2.122598146588225e-09,0.0319611498932993,5.128856209121483e-06,1.066058923008795e-05,659.611009585719
108948158483.38843,9.720778544140262e-10,9.720778544140261e-08,0.0003364386947506072,2.1367590534198158e-09,0.0,5.128856209121483e-06,9.720778544140262e-06,601.461364946209
119481331633.26201,8.863819200304984e-10,8.863819200304983e-08,0.0003689657890627698,2.1509787751677526e-09,0.0,5.128856209121483e-06,8.863819200304984e-06,548.4380464634238
131032858265.65184,8.082407233014858e-10,8.082407233014857e-08,0.0004046376223151939,2.1652573118320353e-09,0.0,5.128856209121483e-06,8.082407233014857e-06,500.08913013974797
143701193404.5651,7.369882575904e-10,7.369882575903998e-08,0.0004437582297502345,2.1795946634126643e-09,0.0,5.128856209121483e-06,7.369882575903999e-06,456.00253245853
157594310764.64023,6.720172297276476e-10,6.720172297276475e-08,0.0004866610409193958,2.193990829909639e-09,0.0,5.128856209121483e-06,6.720172297276476e-06,415.8024981476513
172830623023.85208,6.127738839793199e-10,6.127738839793198e-08,0.0005337117215427265,2.208445811322959e-09,0.0,5.128856209121483e-06,6.127738839793198e-06,379.1463975730231
189539991068.73224,5.587532823217617e-10,5.587532823217615e-08,0.0005853112901208784,2.222959607652626e-09,0.0,5.128856209121483e-06,5.587532823217616e-06,345.7218064658053
207864830814.022,5.094950007952349e-10,5.0949500079523485e-08,0.0006418995358630896,2.237532218898638e-09,0.0,5.128856209121483e-06,5.094950007952349e-06,315.2438430935107
227961327030.31293,4.645792052562001e-10,4.645792052562001e-08,0.0007039587670624891,2.252163645060996e-09,0.0,5.128856209121483e-06,4.645792052562001e-06,287.4527401793953
250000764525.2704,4.236230730813881e-10,4.23623073081388e-08,0.0007720179218665758,2.2668538861397e-09,0.0,5.128856209121483e-06,4.236230730813881e-06,262.11163087531696
274170988024.2485,3.8627753032543637e-10,3.862775303254363e-08,0.0008466570764794232,2.2816029421347496e-09,0.0,5.128856209121483e-06,3.8627753032543635e-06,239.00452991765562
300678003193.04346,3.5222427652247283e-10,3.5222427652247275e-08,0.0009285123892195984,2.2964108130461456e-09,0.0,5.128856209121483e-06,3.522242765224728e-06,217.93449275943166
329747732448.481,3.211730717737021e-10,3.2117307177370206e-08,0.001018281522572542,2.3112774988738866e-09,0.0,5.128856209121483e-06,3.211730717737021e-06,198.7219369887029
361627940521.82623,2.928592629985113e-10,2.9285926299851127e-08,0.0011167295894502344,2.3262029996179743e-09,0.0,5.128856209121483e-06,2.928592629985113e-06,181.20311172648377
396590346186.806,2.67041528265054e-10,2.6704152826505396e-08,0.0012246956743387689,2.3411873152784075e-09,0.0,5.128856209121483e-06,2.67041528265054e-06,165.2287019586931
434932938150.7711,2.434998199749562e-10,2.4349981997495615e-08,0.0013430999849144123,2.3562304458551857e-09,0.0,5.128856209121483e-06,2.434998199749562e-06,150.66255590667438
476982514847.6004,2.2203348937167924e-10,2.220334893716792e-08,0.0014729516950821784,2.3713323913483114e-09,0.0,5.128856209121483e-06,2.2203348937167923e-06,137.38052458952598
523097469779.29095,2.024595763875061e-10,2.0245957638750607e-08,0.0016153575462840289,2.3864931517577827e-09,0.0,5.128856209121483e-06,2.024595763875061e-06,125.26940368769667
573670846146.0557,1.8461125025329944e-10,1.846112502532994e-08,0.0017715312803867475,2.4017127270835993e-09,0.0,5.128856209121483e-06,1.846112502532994e-06,114.22596868921478
629133686799.8715,1.6833638758018122e-10,1.683363875801812e-08,0.0019428039845470091,2.4169911173257606e-09,0.0,5.128856209121483e-06,1.6833638758018124e-06,104.15609509499896
689958708073.5641,1.5349627579394172e-10,1.534962757939417e-08,0.002130635436224269,2.4323283224842694e-09,0.0,5.128856209121483e-06,1.5349627579394174e-06,94.97395618464755
756664328797.8503,1.399644308714139e-10,1.3996443087141389e-08,0.0023366265450361703,2.447724342559124e-09,0.0,5.128856209121483e-06,1.3996443087141389e-06,86.60129150518092
829819088846.1918,1.276255193022215e-10,1.276255193022215e-08,0.002562532997500078,2.4631791775503243e-09,0.0,5.128856209121483e-06,1.2762551930222149e-06,78.96673984796755
910046494867.1943,1.1637437508766702e-10,1.16374375087667e-08,0.0028102802209563475,2.4786928274578695e-09,0.0,5.128856209121483e-06,1.1637437508766703e-06,72.00523102872607
998030334505.3258,1.0611510339851936e-10,1.0611510339851934e-08,0.0030819797942126777,2.494265292281762e-09,0.0,5.128856209121483e-06,1.0611510339851936e-06,65.657431286669
1094520504403.6475,9.676026325207561e-11,9.67602632520756e-09,0.0033799474447793036,2.5098965720219996e-09,0.0,5.128856209121483e-06,9.67602632520756e-07,59.869237575862385
1200339401661.3582,8.823012224235051e-11,8.82301222423505e-09,0.003706722786087722,2.5255866666785824e-09,0.0,5.128856209121483e-06,8.823012224235051e-07,54.5913164385831
1316388933221.2983,8.045197697137402e-11,8.045197697137401e-09,0.0040650909629155905,2.5413355762515115e-09,0.0,5.128856209121483e-06,8.045197697137403e-07,49.77868353043861
1443658202929.167,7.3359533389558e-11,7.335953338955798e-09,0.004458106389504072,2.5571433007407873e-09,0.0,5.128856209121483e-06,7.3359533389558e-07,45.39032021349574
1583231941782.2903,6.689234176369e-11,6.689234176368999e-09,0.004889118782690751,2.573009840146409e-09,0.0,5.128856209121483e-06,6.689234176368999e-07,41.38882394958997
1736299753219.8386,6.099528145672805e-11,6.099528145672804e-09,0.005361801711941299,2.5889351944683757e-09,0.0,5.128856209121483e-06,6.099528145672804e-07,37.74008951408171
1904166252253.2925,5.5618091128108e-11,5.561809112810799e-09,0.005880183909615437,2.6049193637066883e-09,0.0,5.128856209121483e-06,5.5618091128108e-07,34.41301831300293
2088262184854.0134,5.071494035041161e-11,5.071494035041161e-09,0.006448683608327884,2.620962347861347e-09,0.0,5.128856209121483e-06,5.071494035041161e-07,31.379253326073925
2290156622369.949,4.6244038991226495e-11,4.624403899122649e-09,0.00707214619806616,2.637064146932351e-09,0.0,5.128856209121483e-06,4.624403899122649e-07,28.612937416473937
2511570334905.822,4.216728103091835e-11,4.216728103091835e-09,0.007755885524021019,2.6532247609197018e-09,0.0,5.128856209121483e-06,4.216728103091835e-07,26.09049294741406
2754390457649.647,3.8449919780531916e-11,3.844991978053191e-09,0.008505729177115631,2.6694441898233974e-09,0.0,5.128856209121483e-06,3.8449919780531915e-07,23.790420827158467
3020686575148.58,3.5060271731661616e-11,3.5060271731661613e-09,0.009328068163250543,2.68572243364344e-09,0.0,5.128856209121483e-06,3.506027173166162e-07,21.693117269729164
3312728360622.081,3.1969446514172965e-11,3.1969446514172964e-09,0.010229911374600668,2.7020594923798272e-09,0.0,5.128856209121483e-06,3.1969446514172965e-07,19.780706709526132
3633004920654.542,2.915110066016946e-11,2.9151100660169454e-09,0.011218945327230214,2.7184553660325614e-09,0.0,5.128856209121483e-06,2.9151100660169456e-07,18.03688944577284
3984246010144.2163,2.658121307550938e-11,2.6581213075509376e-09,0.012303599674175459,2.734910054601642e-09,0.0,5.128856209121483e-06,2.658121307550938e-07,16.446802718244502
4369445298326.242,2.4237880305186532e-11,2.423788030518653e-09,0.013493119052372052,2.751423558087067e-09,0.0,5.128856209121483e-06,2.423788030518653e-07,14.996894030209251
4791885884168.624,2.2101129847599836e-11,2.2101129847599835e-09,0.014797641875785935,2.767995876488838e-09,0.0,5.128856209121483e-06,2.2101129847599839e-07,13.67480563890006
5255168278612.046,2.0152749926566118e-11,2.0152749926566116e-09,0.016228286746311636,2.7846270098069557e-09,0.0,5.128856209121483e-06,2.015274992656612e-07,12.46926922901534
5763241092149.202,1.837613427020411e-11,1.8376134270204109e-09,0.017797247218927354,2.801316958041419e-09,0.0,5.128856209121483e-06,1.837613427020411e-07,11.370009871538839
6320434689297.791,1.6756140573720227e-11,1.6756140573720224e-09,0.01951789572880235,2.818065721192227e-09,0.0,5.128856209121483e-06,1.6756140573720228e-07,10.367658449307537
6931498096808.206,1.527896143975843e-11,1.5278961439758426e-09,0.021404897566139586,2.8348732992593817e-09,0.0,5.128856209121483e-06,1.5278961439758428e-07,9.453671802920768
7601639480178.501,1.3932006696324493e-11,1.3932006696324491e-09,0.023474335870173377,2.851739692242883e-09,0.0,5.128856209121483e-06,1.3932006696324492e-07,8.620259916385297
8336570533463.329,1.270379608926479e-11,1.2703796089264788e-09,0.02574384870766238,2.8686649001427294e-09,0.0,5.128856209121483e-06,1.2703796089264788e-07,7.860319521889996
9142555160716.047,1.1583861434706064e-11,1.1583861434706064e-09,0.028232779404212923,2.885648922958921e-09,0.0,5.128856209121483e-06,1.1583861434706064e-07,7.167373557816471
10026462863981.904,1.0562657397489429e-11,1.0562657397489428e-09,0.030962341409725067,2.9026917606914593e-09,0.0,5.128856209121483e-06,1.0562657397489429e-07,6.5355159639788365
10995827292874.084,9.631480135153143e-12,9.631480135153143e-10,0.03395579910312774,2.9197934133403443e-09,0.0,5.128856209121483e-06,9.631480135153144e-08,5.959361343576268
12058910454758.025,8.782393114056557e-12,8.782393114056556e-10,0.03723866607742465,2.9369538809055744e-09,0.0,5.128856209121483e-06,8.782393114056556e-08,5.43399906282077
13224773132814.717,8.008159465367768e-12,8.008159465367765e-10,0.0408389225950568,2.9541731633871495e-09,0.0,5.128856209121483e-06,8.008159465367766e-08,4.95495139702619
14503352112164.592,7.302180304376908e-12,7.302180304376907e-10,0.044787254066979976,2.9714512607850713e-09,0.0,5.128856209121483e-06,7.302180304376908e-08,4.518135366432525
15905544872258.965,6.658438487423558e-12,6.658438487423557e-10,0.049117312588040994,2.988788173099339e-09,0.0,5.128856209121483e-06,6.658438487423558e-08,4.119827936487922
17443302467382.82,6.071447327071522e-12,6.071447327071522e-10,0.05386600375775164,3.006183900329952e-09,0.0,5.128856209121483e-06,6.071447327071522e-08,3.756634285986012
19129731386900.39,5.536203828424565e-12,5.536203828424565e-10,0.05907380123106715,3.0236384424769107e-09,0.0,5.128856209121483e-06,5.536203828424565e-08,3.4254588726042896
20979205263409.516,5.048146048010962e-12,5.04814604801096e-10,0.06478509168012003,3.041151799540216e-09,0.0,5.128856209121483e-06,5.048146048010962e-08,3.123479049231875
23007487380907.96,4.603114211801083e-12,4.6031142118010824e-10,0.07104855310706301,3.058723971519868e-09,0.0,5.128856209121483e-06,4.6031142118010836e-08,2.848121006215183
25231865027122.01,4.19731526096275e-12,4.1973152609627495e-10,0.07791756973242239,3.0763549584158637e-09,0.0,5.128856209121483e-06,4.1973152609627496e-08,2.5970378344746936
27671296835099.32,3.82729052317332e-12,3.8272905231733195e-10,0.08545068699510781,3.094044760228207e-09,0.0,5.128856209121483e-06,3.8272905231733194e-08,2.368089522521993
30346574369873.84,3.489886233947657e-12,3.4898862339476563e-10,0.09371211054209136,3.111793376956896e-09,0.0,5.128856209121483e-06,3.489886233947657e-08,2.1593247168895235
33280499337427.527,3.182226656731338e-12,3.1822266567313373e-10,0.10277225346071153,3.1296008086019296e-09,0.0,5.128856209121483e-06,3.182226656731338e-08,1.968964090514749
36498077926319.69,2.901689572658837e-12,2.901689572658837e-10,0.11270833641772114,3.1474670551633098e-09,0.0,5.128856209121483e-06,2.9016895726588367e-08,1.795385177325755
40026733938382.01,2.6458839310728065e-12,2.6458839310728063e-10,0.12360504582013973,3.165392116641036e-09,0.0,5.128856209121483e-06,2.6458839310728065e-08,1.6371085437715214
43896542525015.414,2.4126294703173626e-12,2.412629470317362e-10,0.13555525560748688,3.1833759930351084e-09,0.0,5.128856209121483e-06,2.4126294703173624e-08,1.4927851794353066
48140486521253.57,2.1999381351107653e-12,2.199938135110765e-10,0.14866081882732546,3.201418684345525e-09,0.0,5.128856209121483e-06,2.1999381351107657e-08,1.361184999259712
52794737562356.35,2.0059971321157692e-12,2.0059971321157687e-10,0.1630334357408002,3.219520190572289e-09,0.0,5.128856209121483e-06,2.005997132115769e-08,1.2411863593866501
57898964378922.99,1.8291534792882167e-12,1.8291534792882165e-10,0.1787956058571364,3.237680511715399e-09,0.0,5.128856209121483e-06,1.8291534792882167e-08,1.1317664972544648
63496670898162.36,1.6678999173160826e-12,1.6678999173160824e-10,0.19608167201140744,3.2558996477748546e-09,0.0,5.128856209121483e-06,1.6678999173160824e-08,1.0319928144719652
69635567032995.78,1.5208620630705783e-12,1.5208620630705783e-10,0.21503896538436348,3.274177598750655e-09,0.0,5.128856209121483e-06,1.5208620630705784e-08,0.9410149281723402
76367975319272.98,1.3867866955766209e-12,1.3867866955766207e-10,0.2358290612234651,3.2925143646428025e-09,0.0,5.128856209121483e-06,1.3867866955766208e-08,0.8580574230996717
83751276866915.56,1.2645310746626695e-12,1.2645310746626695e-10,0.2586291559677719,3.3109099454512954e-09,0.0,5.128856209121483e-06,1.2645310746626697e-08,0.7824132426532641
91848400425885.77,1.1530532012514379e-12,1.1530532012514378e-10,0.28363357751409557,3.3293643411761355e-09,0.0,5.128856209121483e-06,1.1530532012514378e-08,0.7134376625608259
100728358735344.45,1.05140293627886e-12,1.0514029362788598e-10,0.3110554414965842,3.347877551817319e-09,0.0,5.128856209121483e-06,1.0514029362788599e-08,0.6505427958174564
110466836727368.36,9.587139025467638e-13,9.587139025467638e-11,0.341128467696413,3.36644957737485e-09,0.0,5.128856209121483e-06,9.587139025467638e-09,0.5931925820553526
121146836598551.69,8.741961004878408e-13,8.741961004878406e-11,0.37410897206304183,3.385080417848726e-09,0.0,5.128856209121483e-06,8.741961004878407e-09,0.5408982186380762
132859385247517.94,7.971291749061441e-13,7.97129174906144e-11,0.4102780513252859,3.403770073238948e-09,0.0,5.128856209121483e-06,7.971291749061441e-09,0.4932139945380253
145704310107916.75,7.2685627530477e-13,7.268562753047699e-11,0.4499439788118996,3.4225185435455165e-09,0.0,5.128856209121483e-06,7.2685627530477e-09,0.4497334914887619
159791089989410.84,6.627784574716261e-13,6.62778457471626e-11,0.4934448319015057,3.44132582876843e-09,0.0,5.128856209121483e-06,6.627784574716261e-09,0.4100861200342094
175239788178487.72,6.043495786072427e-13,6.043495786072425e-11,0.5411513734959795,3.46019192890769e-09,0.0,5.128856209121483e-06,6.043495786072426e-09,0.37393396095099174
192182075752009.47,5.51071642485286e-13,5.5107164248528595e-11,0.5934702120763872,3.4791168439632956e-09,0.0,5.128856209121483e-06,5.51071642485286e-09,0.3409688851230422
210762353825335.4,5.024905549719701e-13,5.0249055497197003e-11,0.6508472672750414,3.498100573935247e-09,0.0,5.128856209121483e-06,5.024905549719701e-09,0.310909927320795
231138984300055.88,4.581922537282081e-13,4.5819225372820805e-11,0.7137715705011091,3.5171431188235444e-09,0.0,5.128856209121483e-06,4.58192253728208e-09,0.2835008915014033
253485639601161.6,4.1779917910744715e-13,4.1779917910744706e-11,0.7827794330130033,3.5362444786281882e-09,0.0,5.128856209121483e-06,4.1779917910744715e-09,0.25850816721964087
277992782907604.97,3.809670561702711e-13,3.80967056170271e-11,0.858459016962493,3.555404653349177e-09,0.0,5.128856209121483e-06,3.8096705617027105e-09,0.23571873853852507
304869291492443.44,3.4738196038847856e-13,3.473819603884785e-11,0.9414553483701069,3.5746236429865115e-09,0.0,5.128856209121483e-06,3.4738196038847853e-09,0.21493836846935727
334344237008470.3,3.167576420293091e-13,3.1675764202930906e-11,1.0324758147579745,3.5939014475401934e-09,0.0,5.128856209121483e-06,3.167576420293091e-09,0.1959899434669622
366668837892932.2,2.888330864152034e-13,2.8883308641520342e-11,1.1322961942971188,3.613238067010219e-09,0.0,5.128856209121483e-06,2.8883308641520345e-09,0.1787119638700494
402118600531905.75,2.633702892649167e-13,2.6337028926491668e-11,1.2417672678563254,3.632633501396592e-09,0.0,5.128856209121483e-06,2.633702892649167e-09,0.16295716742054916
440995667433714.7,2.401522281549627e-13,2.401522281549627e-11,1.3618220703078137,3.65208775069931e-09,0.0,5.128856209121483e-06,2.401522281549627e-09,0.14859127413002104
483631392425173.5,2.1898101281189495e-13,2.1898101281189492e-11,1.493483842893528,3.6716008149183747e-09,0.0,5.128856209121483e-06,2.18981012811895e-09,0.1354918417954705
530389164819330.5,1.9967619847016845e-13,1.9967619847016842e-11,1.6378747544309147,3.6911726940537843e-09,0.0,5.128856209121483e-06,1.9967619847016844e-09,0.12354722241001269
581667506625456.1,1.8207324792011446e-13,1.8207324792011446e-11,1.79622546569015,3.71080338810554e-09,0.0,5.128856209121483e-06,1.8207324792011446e-09,0.11265561057373824
637903469199119.9,1.660221291379013e-13,1.6602212913790126e-11,1.9698856184609943,3.730492897073643e-09,0.0,5.128856209121483e-06,1.6602212913790127e-09,0.10272417579428507
699576358282456.4,1.513860365448936e-13,1.5138603654489357e-11,2.160335338709,3.75024122095809e-09,0.0,5.128856209121483e-06,1.513860365448936e-09,0.0936682712815997
767211819183529.5,1.3804022499757275e-13,1.3804022499757273e-11,2.3691978518636607,3.770048359758884e-09,0.0,5.128856209121483e-06,1.3804022499757274e-09,0.08541071249336335
841386316913311.5,1.2587094656996076e-13,1.2587094656996074e-11,2.598253317760266,3.789914313476023e-09,0.0,5.128856209121483e-06,1.2587094656996075e-09,0.07788111928203141
922732049464945.0,1.1477448106663486e-13,1.1477448106663483e-11,2.849454003152084,3.809839082109508e-09,0.0,5.128856209121483e-06,1.1477448106663487e-09,0.07101531603653716
1011942336111817.9,1.046562520032654e-13,1.046562520032654e-11,3.1249409211102033,3.829822665659339e-09,0.0,5.128856209121483e-06,1.046562520032654e-09,0.06475478470598739
1109777526649517.8,9.543002052008397e-14,9.543002052008396e-12,3.4270620791305055,3.849865064125516e-09,0.0,5.128856209121483e-06,9.543002052008397e-10,0.059046166043412174
1217071481946805.2,8.701715035791166e-14,8.701715035791164e-12,3.758392491478441,3.869966277508039e-09,0.0,5.128856209121483e-06,8.701715035791165e-10,0.053840804818610276
1334738681040163.2,7.934593763204553e-14,7.934593763204552e-12,4.121756126339376,3.890126305806907e-09,0.0,5.128856209121483e-06,7.934593763204554e-10,0.04909433512388252
1463782015346484.2,7.235099969159208e-14,7.235099969159207e-12,4.520249974832506,3.910345149022121e-09,0.0,5.128856209121483e-06,7.235099969159207e-10,0.044766302238167535
1605301336424931.0,6.597271785542055e-14,6.597271785542054e-12,4.957270447031531,3.9306228071536816e-09,0.0,5.128856209121483e-06,6.597271785542054e-10,0.04081981782668191
1760502830141468.2,6.015672927511354e-14,6.015672927511353e-12,5.436542319968217,3.950959280201588e-09,0.0,5.128856209121483e-06,6.015672927511355e-10,0.03722124553729293
1930709297133299.2,5.485346359399625e-14,5.485346359399624e-12,5.962150484346463,3.971354568165842e-09,0.0,5.128856209121483e-06,5.485346359399625e-10,0.03393991431392094
2117371427194694.8,5.0017720453140565e-14,5.001772045314056e-12,6.538574760547508,3.991808671046437e-09,0.0,5.128856209121483e-06,5.001772045314057e-10,0.030947856983511338
2322080163677269.5,4.560828424337322e-14,4.560828424337322e-12,7.170728080667593,4.012321588843383e-09,0.0,5.128856209121483e-06,4.560828424337322e-10,0.028219571888519014
2546580263287763.5,4.1587572819778874e-14,4.1587572819778864e-12,7.863998362017529,4.032893321556673e-09,0.0,5.128856209121483e-06,4.158757281977887e-10,0.02573180553327411
2792785166855276.0,3.7921317184645315e-14,3.792131718464532e-12,8.62429442897751,4.053523869186307e-09,0.0,5.128856209121483e-06,3.792131718464531e-10,0.023463354391695113
3062793307813180.5,3.457826940875353e-14,3.457826940875352e-12,9.458096374604393,4.074213231732289e-09,0.0,5.128856209121483e-06,3.4578269408753524e-10,0.021394884187134866
3358905997394718.0,3.152993630159221e-14,3.1529936301592207e-12,10.372510791228922,4.094961409194617e-09,0.0,5.128856209121483e-06,3.1529936301592205e-10,0.019508765104060827
3683647038980123.5,2.875033656053358e-14,2.8750336560533576e-12,11.375331340780523,4.115768401573289e-09,0.0,5.128856209121483e-06,2.8750336560533577e-10,0.017788921527057383
4039784238770563.0,2.621577932912629e-14,2.621577932912629e-12,12.475105181087338,4.1366342088683085e-09,0.0,5.128856209121483e-06,2.621577932912629e-10,0.01622069502645939
4430352996126752.0,2.3904662277132362e-14,2.390466227713236e-12,13.68120581431023,4.157558831079674e-09,0.0,5.128856209121483e-06,2.3904662277132363e-10,0.01479071942282767
4858682174635831.0,2.1797287481317794e-14,2.179728748131779e-12,15.003912978407609,4.178542268207384e-09,0.0,5.128856209121483e-06,2.1797287481317793e-10,0.013486806865424611
5328422474408306.0,1.987569353772982e-14,1.987569353772982e-12,16.45450026255438,4.1995845202514405e-09,0.0,5.128856209121483e-06,1.9875693537729819e-10,0.012297843953725018
5843577547425727.0,1.8123502474532295e-14,1.812350247453229e-12,18.045331193272325,4.220685587211844e-09,0.0,5.128856209121483e-06,1.8123502474532293e-10,0.011213697016592484
6408538121138689.0,1.6525780160620123e-14,1.6525780160620123e-12,19.789964610224704,4.24184546908859e-09,0.0,5.128856209121483e-06,1.6525780160620125e-10,0.010225125741805133
7028119421155022.0,1.506890902025774e-14,1.5068909020257738e-12,21.70327022980672,4.2630641658816846e-09,0.0,5.128856209121483e-06,1.506890902025774e-10,0.009323704419784265
7707602211975261.0,1.3740471968875842e-14,1.374047196887584e-12,23.801555381491198,4.284341677591125e-09,0.0,5.128856209121483e-06,1.3740471968875843e-10,0.008501750130278393
8452777805571611.0,1.2529146580794303e-14,1.2529146580794301e-12,26.102703997121907,4.305678004216911e-09,0.0,5.128856209121483e-06,1.25291465807943e-10,0.00775225725992728
9269997421422878.0,1.1424608586852843e-14,1.1424608586852842e-12,28.62632903777383,4.327073145759043e-09,0.0,5.128856209121483e-06,1.1424608586852841e-10,0.007068837792593109
1.0166226318707286e+16,1.0417443879447128e-14,1.0417443879447126e-12,31.393939657333924,4.348527102217521e-09,0.0,5.128856209121483e-06,1.0417443879447127e-10,0.006445666863545402
1.1149103162027938e+16,9.499068274979346e-15,9.499068274979345e-13,34.42912452755655,4.370039873592345e-09,0.0,5.128856209121483e-06,9.499068274979348e-11,0.005877433113451937
1.222700512665229e+16,8.66165434984881e-15,8.661654349848809e-13,37.757752887095336,4.391611459883514e-09,0.0,5.128856209121483e-06,8.66165434984881e-11,0.005359293419036626
1.3409119298164898e+16,7.89806472639745e-15,7.898064726397449e-13,41.408195028075035,4.413241861091028e-09,0.0,5.128856209121483e-06,7.89806472639745e-11,0.004886831614568642
1.4705520975081934e+16,7.201791240197896e-15,7.201791240197896e-13,45.4115640994391,4.434931077214888e-09,0.0,5.128856209121483e-06,7.201791240197896e-11,0.004456020852360832
1.6127259541808242e+16,6.5668994702008104e-15,6.56689947020081e-13,49.80198128798597,4.4566791082550955e-09,0.0,5.128856209121483e-06,6.56689947020081e-11,0.0040631892814721494
1.7686452643844266e+16,5.987978158964054e-15,5.987978158964053e-13,54.61686663727008,4.4784859542116495e-09,0.0,5.128856209121483e-06,5.987978158964054e-11,0.003704988752088827
1.9396389467907836e+16,5.4600930918673144e-15,5.460093091867313e-13,59.89725798304635,4.5003516150845485e-09,0.0,5.128856209121483e-06,5.4600930918673145e-11,0.0033783662788486376
2.1271644007240116e+16,4.978745042218872e-15,4.978745042218872e-13,65.6881607235851,4.522276090873793e-09,0.0,5.128856209121483e-06,4.978745042218871e-11,0.0030805380198865324
2.3328199277468972e+16,4.539831423815836e-15,4.539831423815835e-13,72.03893140598974,4.5442593815793826e-09,0.0,5.128856209121483e-06,4.539831423815836e-11,0.002808965549822081
2.5583583541736212e+16,4.139611324118055e-15,4.1396113241180544e-13,79.00369839786894,4.566301487201318e-09,0.0,5.128856209121483e-06,4.1396113241180546e-11,0.0025613342244605536
2.8057019706152548e+16,3.7746736200091725e-15,3.7746736200091716e-13,86.64182322980047,4.588402407739599e-09,0.0,5.128856209121483e-06,3.774673620009172e-11,0.0023355334528073635
3.076958915889273e+16,3.4419079043921376e-15,3.441907904392137e-13,95.01840654065491,4.610562143194227e-09,0.0,5.128856209121483e-06,3.441907904392137e-11,0.0021296387082521836
3.3744411449354124e+16,3.138477975822529e-15,3.1384779758225286e-13,104.20484293802132,4.632780693565201e-09,0.0,5.128856209121483e-06,3.13847797582253e-11,0.0019418951256015735
3.7006841338803224e+16,2.861797665229119e-15,2.8617976652291184e-13,114.27942950286884,4.655058058852521e-09,0.0,5.128856209121483e-06,2.8617976652291184e-11,0.0017707025441559567
4.058468490199633e+16,2.60950879368986e-15,2.60950879368986e-13,125.3280331248023,4.677394239056187e-09,0.0,5.128856209121483e-06,2.6095087936898605e-11,0.0016146018693512496
4.450843652163462e+16,2.3794610733947655e-15,2.379461073394765e-13,137.44482235569112,4.699789234176199e-09,0.0,5.128856209121483e-06,2.3794610733947652e-11,0.001472262636723778
4.881153879558442e+16,2.1696937804892966e-15,2.169693780489296e-13,150.73307001934282,4.722243044212553e-09,0.0,5.128856209121483e-06,2.1696937804892964e-11,0.001342471672204739
5.35306675720849e+16,1.978419043593607e-15,1.9784190435936068e-13,165.3060334179663,4.744755669165257e-09,0.0,5.128856209121483e-06,1.978419043593607e-11,0.0012241227520944687
5.870604454232612e+16,1.804006605564013e-15,1.804006605564013e-13,181.28791963750982,4.767327109034306e-09,0.0,5.128856209121483e-06,1.8040066055640132e-11,0.0011162071745874477
6.438178005466913e+16,1.6449699286189732e-15,1.644969928618973e-13,198.8149441793106,4.789957363819702e-09,0.0,5.128856209121483e-06,1.644969928618973e-11,0.0010178051624877749
7.060624907234721e+16,1.4999535244022673e-15,1.4999535244022671e-13,218.03649194087754,4.812646433521442e-09,0.0,5.128856209121483e-06,1.499953524402267e-11,0.0009280780238396583
7.743250347898387e+16,1.3677214009958456e-15,1.3677214009958454e-13,239.11639044099385,4.835394318139529e-09,0.0,5.128856209121483e-06,1.3677214009958457e-11,0.0008462610036569441
8.49187242460537e+16,1.2471465284149406e-15,1.2471465284149403e-13,262.23430614098146,4.85820101767396e-09,0.0,5.128856209121483e-06,1.2471465284149403e-11,0.0007716567658261763
9.31287173161659e+16,1.1372012327985497e-15,1.1372012327985496e-13,287.58727576314567,4.881066532124741e-09,0.0,5.128856209121483e-06,1.1372012327985495e-11,0.0007036294496286366
1.0213245742863712e+17,1.036948437423932e-15,1.0369484374239318e-13,315.39138565799414,4.903990861491861e-09,0.0,5.128856209121483e-06,1.036948437423932e-11,0.0006415992502244555
1.1200668452245266e+17,9.455336758911185e-16,9.455336758911184e-14,345.8836135337035,4.926974005775333e-09,0.0,5.128856209121483e-06,9.455336758911185e-12,0.0005850374769075417
1.2283555779981242e+17,8.62177809405065e-16,8.62177809405065e-14,379.3238482450607,4.9500159649751485e-09,0.0,5.128856209121483e-06,8.621778094050651e-12,0.000533462047012374
1.3471137302494138e+17,7.861703860837595e-16,7.861703860837594e-14,415.9971048568369,4.973116739091311e-09,0.0,5.128856209121483e-06,7.861703860837595e-12,0.00048643337706655537
1.47735349171774e+17,7.16863585693042e-16,7.16863585693042e-14,456.21595386080173,4.9962763281238175e-09,0.0,5.128856209121483e-06,7.168635856930421e-12,0.0004435506361690338
1.620184911252074e+17,6.536666981983409e-16,6.536666981983409e-14,500.32318525088937,5.019494732072672e-09,0.0,5.128856209121483e-06,6.5366669819834094e-12,0.00040444832966105574
1.7768253578882922e+17,5.960410890733683e-16,5.960410890733683e-14,548.6947301627538,5.04277195093787e-09,0.0,5.128856209121483e-06,5.960410890733683e-12,0.0003687931839720762
1.94860989662904e+17,5.434956084545281e-16,5.43495608454528e-14,601.7428649791715,5.066107984719413e-09,0.0,5.128856209121483e-06,5.4349560845452804e-12,0.000336281306089812
2.1370026673602803e+17,4.955824050126778e-16,4.955824050126777e-14,659.9197252102997,5.089502833417304e-09,0.0,5.128856209121483e-06,4.955824050126777e-12,0.0003066355934442417
2.3436093638881587e+17,4.518931088634511e-16,4.5189310886345104e-14,723.7211590979341,5.112956497031542e-09,0.0,5.128856209121483e-06,4.518931088634511e-12,0.0002796033721297327
2.5701909194567584e+17,4.120553509825491e-16,4.120553509825491e-14,793.6909537885757,5.136468975562125e-09,0.0,5.128856209121483e-06,4.120553509825491e-12,0.0002549542433355297
2.8186785153898253e+17,3.757295894606293e-16,3.7572958946062925e-14,870.4254700954157,5.160040269009053e-09,0.0,5.128856209121483e-06,3.757295894606293e-12,0.00023247811962951768
3.0911900407769914e+17,3.426062155475608e-16,3.4260621554756075e-14,954.5787253518909,5.183670377372327e-09,0.0,5.128856209121483e-06,3.4260621554756078e-12,0.00021198343435825697
3.3900481434922854e+17,3.1240291482052963e-16,3.1240291482052956e-14,1046.8679676785587,5.2073593006519485e-09,0.0,5.128856209121483e-06,3.1240291482052966e-12,0.000193295508901801
3.717800026395883e+17,2.8486226098491695e-16,2.848622609849169e-14,1148.0797891734148,5.231107038847911e-09,0.0,5.128856209121483e-06,2.8486226098491696e-12,0.0001762550638672169
4.0772391574446694e+17,2.597495217996143e-16,2.5974952179961425e-14,1259.0768301291685,5.254913591960223e-09,0.0,5.128856209121483e-06,2.597495217996143e-12,0.00016071686153152511
4.471429078748933e+17,2.3685065842646243e-16,2.368506584264624e-14,1380.8051314181455,5.278778959988881e-09,0.0,5.128856209121483e-06,2.3685065842646244e-12,0.0001465484679634657
4.903729517503258e+17,2.159705011519758e-16,2.1597050115197577e-14,1514.302197710272,5.302703142933886e-09,0.0,5.128856209121483e-06,2.1597050115197577e-12,0.0001336291242734743
5.3778250213376403e+17,1.969310859328577e-16,1.9693108593285766e-14,1660.7058402477371,5.3266861407952354e-09,0.0,5.128856209121483e-06,1.969310859328577e-12,0.00012184871737142485
5.897756362151556e+17,1.7957013758746722e-16,1.795701375874672e-14,1821.2638745444235,5.3507279535729326e-09,0.0,5.128856209121483e-06,1.7957013758746723e-12,0.00011110684145977411
6.467954976089448e+17,1.6373968670530663e-16,1.637396867053066e-14,1997.3447556647031,5.374828581266974e-09,0.0,5.128856209121483e-06,1.6373968670530663e-12,0.00010131194226310659
7.093280733193705e+17,1.4930480848628129e-16,1.4930480848628126e-14,2190.4492417273746,5.398988023877361e-09,0.0,5.128856209121483e-06,1.4930480848628128e-12,9.238053670024574e-05
7.779063358650199e+17,1.3614247276071555e-16,1.3614247276071554e-14,2402.2231850441,5.42320628140409e-09,0.0,5.128856209121483e-06,1.3614247276071553e-12,8.423650134810696e-05
8.531147858664916e+17,1.241404953887006e-16,1.241404953887006e-14,2634.4715599128635,5.447483353847169e-09,0.0,5.128856209121483e-06,1.2414049538870063e-12,7.681042363278127e-05
9.355944338140948e+17,1.1319658210144432e-16,1.131965821014443e-14,2889.173846626707,5.471819241206596e-09,0.0,5.128856209121483e-06,1.1319658210144432e-12,7.003901021798437e-05
1.0260482634758866e+18,1.0321745663514826e-16,1.0321745663514825e-14,3168.5009028178133,5.4962139434823664e-09,0.0,5.128856209121483e-06,1.0321745663514826e-12,6.38645475484835e-05
1.1252472235112403e+18,9.411806572641021e-17,9.411806572641019e-15,3474.833465933147,5.520667460674483e-09,0.0,5.128856209121483e-06,9.41180657264102e-13,5.823440995065929e-05
1.234036798357209e+18,8.582085419322765e-17,8.582085419322764e-15,3810.7824445405445,5.5451797927829455e-09,0.0,5.128856209121483e-06,8.582085419322766e-13,5.310061109768194e-05
1.3533442143921e+18,7.825510392303466e-17,7.825510392303466e-15,4179.211171410368,5.569750939807753e-09,0.0,5.128856209121483e-06,7.825510392303468e-13,4.8419395016388237e-05
1.4841863427952553e+18,7.135633113388738e-17,7.135633113388737e-15,4583.259808038409,5.594380901748905e-09,0.0,5.128856209121483e-06,7.135633113388738e-13,4.4150863149961196e-05
1.6276783664601114e+18,6.506573677158159e-17,6.5065736771581574e-15,5026.372108612889,5.619069678606406e-09,0.0,5.128856209121483e-06,6.506573677158159e-13,4.025863429782248e-05
1.7850432848294538e+18,5.932970535838293e-17,5.932970535838292e-15,5512.324771537336,5.643817270380251e-09,0.0,5.128856209121483e-06,5.932970535838293e-13,3.6709534534371454e-05
1.957622337663976e+18,5.409934802198308e-17,5.4099348021983075e-15,6045.259628676715,5.668623677070443e-09,0.0,5.128856209121483e-06,5.409934802198307e-13,3.347331446370252e-05
2.146886436586951e+18,4.933008580987521e-17,4.933008580987521e-15,6629.718946678901,5.6934888986769805e-09,0.0,5.128856209121483e-06,4.933008580987521e-13,3.052239140043622e-05
2.3544487018374866e+18,4.498126973768383e-17,4.498126973768382e-15,7270.684141249097,5.718412935199863e-09,0.0,5.128856209121483e-06,4.498126973768383e-13,2.7831614279238483e-05
2.5820782110846013e+18,4.101583433307611e-17,4.10158343330761e-15,7973.618234343449,5.7433957866390935e-09,0.0,5.128856209121483e-06,4.1015834333076104e-13,2.537804928932406e-05
2.8317150774848333e+18,3.739998172236972e-17,3.739998172236971e-15,8744.512416149482,5.7684374529946655e-09,0.0,5.128856209121483e-06,3.739998172236972e-13,2.314078440688236e-05
3.1054869854956e+18,3.4102893567267716e-17,3.4102893567267713e-15,9589.937108706994,5.793537934266587e-09,0.0,5.128856209121483e-06,3.4102893567267715e-13,2.1100751159431173e-05
3.40572732538068e+18,3.109646839652781e-17,3.1096468396527806e-15,10517.097966389749,5.818697230454854e-09,0.0,5.128856209121483e-06,3.1096468396527806e-13,1.924056210297758e-05
3.7349950809707116e+18,2.8355082093807444e-17,2.8355082093807443e-15,11533.897290547786,5.843915341559466e-09,0.0,5.128856209121483e-06,2.8355082093807443e-13,1.7544362626781342e-05
4.0960966401842227e+18,2.5855369500297814e-17,2.585536950029781e-15,12649.00138175394,5.869192267580424e-09,0.0,5.128856209121483e-06,2.5855369500297815e-13,1.5997695822637515e-05
4.4921097142028764e+18,2.357602527071949e-17,2.3576025270719485e-15,13871.914403705807,5.8945280085177295e-09,0.0,5.128856209121483e-06,2.3576025270719487e-13,1.458737926694265e-05
4.926409569166873e+18,2.1497622285351676e-17,2.1497622285351674e-15,15213.059388333917,5.919922564371379e-09,0.0,5.128856209121483e-06,2.1497622285351675e-13,1.3301392665343588e-05
5.402697793966409e+18,1.960244607039925e-17,1.9602446070399245e-15,16683.86707253238,5.945375935141377e-09,0.0,5.128856209121483e-06,1.9602446070399248e-13,1.21287754023508e-05
5.925033849320316e+18,1.787434381544342e-17,1.787434381544342e-15,18296.873323677453,5.9708881208277155e-09,0.0,5.128856209121483e-06,1.7874343815443418e-13,1.1059533122719912e-05
6.497869667038812e+18,1.629858670113257e-17,1.6298586701132568e-15,20065.8259843045,5.9964591214304046e-09,0.0,5.128856209121483e-06,1.629858670113257e-13,1.0084552548382668e-05
7.126087594363121e+18,1.486174436371865e-17,1.486174436371865e-15,22005.80204659057,6.022088936949438e-09,0.0,5.128856209121483e-06,1.4861744363718652e-13,9.195523804903656e-06
7.815042006787088e+18,1.3551570426482137e-17,1.3551570426482136e-15,24133.336155337645,6.047777567384818e-09,0.0,5.128856209121483e-06,1.3551570426482137e-13,8.384869595439903e-06
8.570604944031038e+18,1.2356898122418927e-17,1.2356898122418926e-15,26466.561534700508,6.0735250127365435e-09,0.0,5.128856209121483e-06,1.2356898122418927e-13,7.64568061854624e-06
9.399216158128886e+18,1.1267545118568098e-17,1.1267545118568097e-15,29025.36453979491,6.0993312730046136e-09,0.0,5.128856209121483e-06,1.1267545118568099e-13,6.971656679384153e-06
1.0307938000194361e+19,1.0274226730786953e-17,1.0274226730786953e-15,31831.55415044805,6.125196348189032e-09,0.0,5.128856209121483e-06,1.0274226730786954e-13,6.357052992417993e-06
1.1304515613672411e+19,9.368476789293107e-18,9.368476789293105e-16,34909.04785170554,6.151120238289792e-09,0.0,5.128856209121483e-06,9.368476789293106e-14,5.796631217930361e-06
1.2397442947110752e+19,8.542575480500448e-18,8.542575480500446e-16,38284.07548537886,6.1771029433069e-09,0.0,5.128856209121483e-06,8.542575480500447e-14,5.285614815034592e-06
1.3596035149084627e+19,7.789483550137908e-18,7.789483550137907e-16,41985.402810079184,6.203144463240356e-09,0.0,5.128856209121483e-06,7.789483550137908e-14,4.819648330653696e-06
1.4910507962307232e+19,7.102782306854671e-18,7.102782306854671e-16,46044.5766751721,6.229244798090155e-09,0.0,5.128856209121483e-06,7.102782306854671e-14,4.39476027747984e-06
1.6352064793609767e+19,6.476618914956759e-18,6.4766189149567585e-16,50496.19389829566,6.255403947856302e-09,0.0,5.128856209121483e-06,6.476618914956758e-14,4.0073292845196205e-06
1.7932992201899203e+19,5.905656509998118e-18,5.905656509998117e-16,55378.19613811741,6.281621912538794e-09,0.0,5.128856209121483e-06,5.905656509998117e-14,3.6540532317219717e-06
1.9666764617949233e+19,5.385028712055381e-18,5.385028712055381e-16,60732.19327556712,6.307898692137633e-09,0.0,5.128856209121483e-06,5.385028712055381e-14,3.3319211056194403e-06
2.1568159188562784e+19,4.9102981489978824e-18,4.910298148997882e-16,66603.81805975888,6.334234286652815e-09,0.0,5.128856209121483e-06,4.9102981489978825e-14,3.038187336105304e-06
2.3653381723937894e+19,4.4774186362414105e-18,4.47741863624141e-16,73043.11504129639,6.360628696084344e-09,0.0,5.128856209121483e-06,4.47741863624141e-14,2.7703483956156e-06
2.594020482169857e+19,4.082700690639989e-18,4.0827006906399885e-16,80104.96710787766,6.387081920432221e-09,0.0,5.128856209121483e-06,4.0827006906399884e-14,2.526121461268551e-06
2.8448119344841347e+19,3.7227800845856634e-18,3.722780084585663e-16,87849.56325762256,6.413593959696441e-09,0.0,5.128856209121483e-06,3.722780084585664e-14,2.303424958095772e-06
3.1198500544659284e+19,3.3945891722998543e-18,3.394589172299854e-16,96342.9115970022,6.440164813877008e-09,0.0,5.128856209121483e-06,3.3945891722998547e-14,2.100360817533333e-06
3.42147902445301e+19,3.0953307439265295e-18,3.095330743926529e-16,105657.40193571652,6.466794482973922e-09,0.0,5.128856209121483e-06,3.0953307439265294e-14,1.9151982999594933e-06
