E_ph_eV,E_ph_erg,n_ph_density
9.999999999999999e-06,1.60218e-17,7.472992508614245e+27
1.0351779556301762e-05,1.6585414169515556e-17,7.740150844177437e+27
1.0715933998226711e-05,1.7168855133278873e-17,8.011822083639585e+27
1.1092898648952227e-05,1.777282035737828e-17,8.288039203682272e+27
1.148312414543511e-05,1.8398031843333226e-17,8.590937700926544e+27
1.1887076977119033e-05,1.9045236991200574e-17,8.894477430720296e+27
1.2305240043592616e-05,1.9715209493043216e-17,9.205907992918573e+27
1.2738113231864785e-05,2.0408750257829118e-17,9.534047376576967e+27
1.3186214013947484e-05,2.112668836886638e-17,9.869124765780446e+27
1.3650078065460137e-05,2.1869882074918922e-17,1.0220865162569901e+28
1.4130259905995336e-05,2.2639219816187608e-17,1.058145404413465e+28
1.4627333562011299e-05,2.343562128638326e-17,1.095534216628232e+28
1.514189325304352e-05,2.4260038532161267e-17,1.1339470604817376e+28
1.567455410205595e-05,2.5113457091232e-17,1.17427630930826e+28
1.622595287078087e-05,2.5996897170507694e-17,1.2155906159884889e+28
1.6796748720926532e-05,2.691141486569407e-17,1.2588231676379784e+28
1.7387624002162504e-05,2.785810342378472e-17,1.3032327723777414e+28
1.7999285067824765e-05,2.883809454996748e-17,1.349258303927199e+28
1.86324631193156e-05,2.9852559760505067e-17,1.3966630507237406e+28
1.9287915080207776e-05,3.0902711783207294e-17,1.446256584182048e+28
1.9966424501097934e-05,3.1989806007169084e-17,1.4971825841380843e+28
2.066880249629082e-05,3.311514198350723e-17,1.5503580470695247e+28
2.1395888713434215e-05,3.4280064978890027e-17,1.6050579346854125e+28
2.2148552337263592e-05,3.548596758371698e-17,1.6617489153779949e+28
2.2927693128656486e-05,3.6734291376870846e-17,1.7202035125069694e+28
2.3734242500238664e-05,3.802652864903238e-17,1.7812010055840977e+28
2.45691646298279e-05,3.936422418661766e-17,1.8439877420418492e+28
2.543345761304648e-05,4.074897711847081e-17,1.9093619409643796e+28
2.63281546564802e-05,4.218244282751945e-17,1.9768063749545238e+28
2.7254325312810276e-05,4.3666334929678366e-17,2.0469026831979872e+28
2.8213076759394707e-05,4.5202427322367013e-17,2.1189869305445015e+28
2.9205555121827452e-05,4.6792556305089504e-17,2.1937945064381976e+28
3.0232946844057763e-05,4.8438622774612465e-17,2.2711802512402704e+28
3.12964801067075e-05,5.014259449736462e-17,2.3516595397984023e+28
3.2397426295281954e-05,5.190650846177484e-17,2.4348031965570727e+28
3.353710152002929e-05,5.3732473313360526e-17,2.5210421573653744e+28
3.4716868189265594e-05,5.562267187547755e-17,2.609917615046275e+28
3.5938136638046256e-05,5.757936375874495e-17,2.7021058252347154e+28
3.720236681413066e-05,5.960488806226386e-17,2.7974937579595473e+28
3.8511070023255685e-05,6.170166616985979e-17,2.8966034363527963e+28
3.986581073580439e-05,6.387220464469107e-17,2.9990454971382346e+28
4.1268208457029516e-05,6.611909822568354e-17,3.1052642017766483e+28
4.271993966306776e-05,6.844503292937391e-17,3.2148487217999475e+28
4.422273980505897e-05,7.085278926086938e-17,3.328472126852146e+28
4.577840538376616e-05,7.334524553776247e-17,3.44562125389221e+28
4.738879609717651e-05,7.592538133097426e-17,3.568227463325244e+28
4.9055837063650453e-05,7.859628102663948e-17,3.6950519584524884e+28
5.0781521123276707e-05,8.136113751329147e-17,3.8252988901030275e+28
5.2567911220184194e-05,8.422325599875471e-17,3.960438075580525e+28
5.441714286865888e-05,8.718605796130787e-17,4.10052113940589e+28
5.633142670601352e-05,9.025308523984074e-17,4.2450962341253545e+28
5.8313051135262185e-05,9.342800426789437e-17,4.396058507711711e+28
6.0364385060758635e-05,9.671461045664627e-17,4.551654275659919e+28
6.248788072006888e-05,1.0011683273207996e-16,4.7126196872961325e+28
6.468607661546321e-05,1.0363873823176284e-16,4.879681617614172e+28
6.696160054853215e-05,1.0728453716684724e-16,5.0524161774222446e+28
6.9317172761554e-05,1.1105858785510658e-16,5.23085440357943e+28
7.17556091893692e-05,1.1496540193102356e-16,5.416846512187748e+28
7.42798248256491e-05,1.1900964973915848e-16,5.608770517946899e+28
7.689283720758305e-05,1.2319616591724541e-16,5.807346063825862e+28
7.959777002314978e-05,1.275299551756901e-16,6.01336833534836e+28
8.239785684528512e-05,1.320161982803789e-16,6.22642651039651e+28
8.529644499741017e-05,1.366602582459506e-16,6.447428341244175e+28
8.829699955494083e-05,1.414676867469351e-16,6.676051394601234e+28
9.140310748756223e-05,1.4644423075442246e-16,6.9128677315269246e+28
9.461848194721992e-05,1.515958394061968e-16,7.157946976609126e+28
9.794696670695385e-05,1.569286711185473e-16,7.412144044894717e+28
0.00010139254075588153,1.6244910094825826e-16,7.6751344214819915e+28
0.00010495932305582277,1.681637282135781e-16,7.947846333307756e+28
0.00010865157746525384,1.740793843832804e-16,8.230063179774143e+28
0.00011247371783647519,1.802031412432438e-16,8.522395383796215e+28
0.00011643031329208767,1.8654231935031703e-16,8.825030225950893e+28
0.00012052609368708426,1.9310449678357265e-16,9.138831012960766e+28
0.00012476595526308696,1.9989751820341266e-16,9.46357870030525e+28
0.0001291549665014884,2.069295042293547e-16,9.800241477113025e+28
0.00013369837418249466,2.1420886114770929e-16,1.0148656188798251e+29
0.00013840160965731315,2.2174429096075396e-16,1.0509483480297098e+29
0.0001432702953409831,2.295448017894163e-16,1.0882892908305274e+29
0.00014831025143361044,2.3761971864190195e-16,1.1269680743031147e+29
0.00015352750287804228,2.459786945611418e-16,1.1669568201406862e+29
0.00015892828656229778,2.546317221643823e-16,1.2083241786825407e+29
0.00016451905877536624,2.6358914558871626e-16,1.2510352232727065e+29
0.00017030650292528443,2.728616728568322e-16,1.2951006576169231e+29
0.00017629753752872057,2.824603886777655e-16,1.3404986870482986e+29
0.00018249932448161524,2.923967676979543e-16,1.3871727276464863e+29
0.00018891927762076664,3.0268268821843986e-16,1.4350525609801023e+29
0.00019556507158659492,3.1333044639461065e-16,1.4840670997018495e+29
0.00020244465099768038,3.2435277093546353e-16,1.5340427126132216e+29
0.0002095662399480433,3.3576283831995597e-16,1.5848486605714222e+29
0.00021693835183851843,3.4757428854863745e-16,1.6362385460875827e+29
0.0002245697995539774,3.598012414493915e-16,1.6880232990168152e+29
0.0002324697059985648,3.7245831355678055e-16,1.739926390661176e+29
0.00024064751500154242,3.8556063558517123e-16,1.7916870999548198e+29
0.00024911300260677886,3.991238705165289e-16,1.842967841294611e+29
0.0002578762887593801,4.131642323245036e-16,1.8934246435935315e+29
0.0002669478494034321,4.2769850535719084e-16,1.942714227103119e+29
0.000276338529005317,4.427440644017387e-16,1.9905120084675202e+29
0.0002860595535175742,4.58318895454787e-16,2.036425693491363e+29
0.00029612254379880347,4.744416172235669e-16,2.0802318727675533e+29
0.0003065395295056527,4.911315033833666e-16,2.1214790682235547e+29
0.00031732296347349763,5.084085056179684e-16,2.1599122327468865e+29
0.00032848573660300434,5.262932774706014e-16,2.1952171051166308e+29
0.0003400411932703706,5.448071990339224e-16,2.2271746479463264e+29
0.0003520031472796679,5.639724025085383e-16,2.2555275084519e+29
0.00036438589837635443,5.838117986606276e-16,2.280198659520908e+29
0.00037720424934169976,6.043491042102845e-16,2.3009579415078685e+29
0.00039047352368855597,6.256088701833306e-16,2.3176318838162374e+29
0.00040420958397963103,6.476165112604852e-16,2.3302666500480342e+29
0.00041842885079015847,6.703983361589761e-16,2.3387801732002446e+29
0.0004331483223376403,6.939815790829205e-16,2.3431588923475542e+29
0.00044838559480211905,7.183944322800591e-16,2.343526468951672e+29
0.0004641588833612782,7.436660797437727e-16,2.3398500473640928e+29
0.0004804870439655134,7.698267321006662e-16,2.3322524866828168e+29
0.0004973895958790067,7.96907662725427e-16,2.3208804839449693e+29
0.0005148867450137498,8.249412451261296e-16,2.3058447883625873e+29
0.0005329994080844093,8.539609916446788e-16,2.2873057008169878e+29
0.0005517492376129129,8.840015935186568e-16,2.2655025352551382e+29
0.0005711586478126435,9.150989623524611e-16,2.2405466838861818e+29
0.0005912508413831881,9.472902730473164e-16,2.212658699107768e+29
0.0006120498372476703,9.806140082414723e-16,2.182063746668712e+29
0.0006335804992658254,1.01511000431372e-15,2.148946997487511e+29
0.0006558685659571436,1.0508194990052163e-15,2.113541234146575e+29
0.0006789406812696112,1.0877851807165456e-15,2.076037277655093e+29
0.0007028244264308353,1.1260512395389558e-15,2.036653771207203e+29
0.0007275483529196233,1.165663420080762e-15,1.995589551550834e+29
0.0007531420165974376,1.2066690761520826e-15,1.9530605596935845e+29
0.0007796360130405236,1.2491172273732661e-15,1.9092432179243936e+29
0.0008070620141149507,1.2930586177746918e-15,1.8643409188906525e+29
0.0008354528058382871,1.338545776457987e-15,1.8185182435645334e+29
0.0008648423275731727,1.3856330803911857e-15,1.7719540397616016e+29
0.00089526571259964,1.434376819412891e-15,1.7248068790380862e+29
0.0009267593301146883,1.4848352635231512e-15,1.677240951891883e+29
0.0009593608287093146,1.5370687325414897e-15,1.6293884908109176e+29
0.00099310918137498,1.5911396682153654e-15,1.5813965793380572e+29
0.0010280447320933097,1.6471127088652589e-15,1.5333810731604875e+29
0.0010642092440647246,1.7050547666556203e-15,1.4854650282981292e+29
0.001101645949633657,1.7650351075840524e-15,1.4377543909808027e+29
0.0011403996019700331,1.8271254342843476e-15,1.3903567837849247e+29
0.0011805165285688054,1.8913999717423685e-15,1.3433561633267214e+29
0.0012220446866314887,1.9579355560272385e-15,1.2968440127539002e+29
0.0012650337203959038,2.026811726143909e-15,1.2508910382328724e+29
0.0013095350204826678,2.0981108191169206e-15,1.2055714095441238e+29
0.001355601785329369,2.1719180684190083e-15,1.1609420725901273e+29
0.001403289084785873,2.24832170586223e-15,1.1170643059477986e+29
0.0014526539259467812,2.327413067073414e-15,1.0739865176361917e+29
0.0015037553212997384,2.4092867006800146e-15,1.031755909326532e+29
0.001556654359271062,2.4940404813369103e-15,9.904085714023477e+28
0.0016114142772530198,2.5817757267292434e-15,9.49977316422523e+28
0.001668100537200059,2.6725973186911904e-15,9.10491341995102e+28
0.001726780903884356,2.7666138285854374e-15,8.719772660220197e+28
0.0017875255259042354,2.8639376470932477e-15,8.344520690320211e+28
0.0018504070195423021,2.9646851185702856e-15,7.97940946369544e+28
0.0019155005555735278,3.0689766801287948e-15,7.62447382341634e+28
0.001982883949127071,3.176937005612411e-15,7.279846810377263e+28
0.002052637752709252,3.2886951546357092e-15,6.945571203640154e+28
0.0021248453524988827,3.4043847268666597e-15,6.621702606102226e+28
0.0021995930680300748,3.524144021736425e-15,6.3082259081888255e+28
0.00227697025538168,3.6481162037674195e-15,6.005183157758857e+28
0.002357069413996728,3.776449473717277e-15,5.7124838572354395e+28
0.00243998629725955,3.909297245743306e-15,5.4300390232184356e+28
0.0025258200269627847,4.0468183307992345e-15,5.157806879708422e+28
0.002614673211801092,4.189177126483473e-15,4.895681047872901e+28
0.0027066520700332413,4.336543813565858e-15,4.6435276217367226e+28
0.002801866556459195,4.489094559427793e-15,4.401251962325128e+28
0.0029004304938639917,4.64701172865901e-15,4.168659060170471e+28
0.003002461709085549,4.810484101062685e-15,3.945598962179862e+28
0.003108082173869064,4.9797070973295366e-15,3.731907024515125e+28
0.0032174181506763717,5.154883012650669e-15,3.5273843744139495e+28
0.0033306003436245884,5.336221258548443e-15,3.331831563138743e+28
0.0034477640547344642,5.523938613214464e-15,3.1450684466393387e+28
0.0035690493456752297,5.718259480653939e-15,2.966849468510751e+28
0.0036946012051993025,5.9194161589462185e-15,2.796960970473841e+28
0.0038245697224669993,6.127649117942177e-15,2.6351810136528883e+28
0.0039591102664684585,6.343207286730435e-15,2.4812662763346796e+28
0.0040983836717572615,6.566348351216049e-15,2.3349847922578196e+28
0.004242556430717777,6.797339062167408e-15,2.1960858885397957e+28
0.004391800892596086,7.0364555540995965e-15,2.06432626496454e+28
0.0045462954695324,7.28398367537542e-15,1.9394548526073873e+28
0.004706224849841282,7.540219329918705e-15,1.8212261689225148e+28
0.004871780218794631,7.805468830948382e-15,1.7093833902128014e+28
0.005043159487171359,8.080049267156208e-15,1.6036806042614137e+28
0.005220567527846975,8.364288881765866e-15,1.5038630936481295e+28
0.005404216420705915,8.658527464926603e-15,1.40968475600716e+28
0.005594325706169377,8.963116759910453e-15,1.3208984188449145e+28
0.005791122647641758,9.278420883598671e-15,1.2372642852055334e+28
0.005994842503189409,9.604816761760007e-15,1.1585395023347751e+28
0.0062057288067765,9.942694579641173e-15,1.0844926695226575e+28
0.00642403365939419,1.0292458248408183e-14,1.0148907682264522e+28
0.006650018030431118,1.0654525887996129e-14,9.495118592151619e+27
0.0068839520696454964,1.102933032694462e-14,8.88134123670665e+27
0.007126115430111745,1.1417319619816435e-14,8.305500532428257e+27
0.007376797602527731,1.181895758281788e-14,7.765511192768614e+27
0.007636298261282241,1.223472434826118e-14,7.259410426325369e+27
0.00790492762269642,1.2665116938531748e-14,6.785270722338224e+27
0.008183006815867389,1.3110649860246412e-14,6.341264234303783e+27
0.008470868266557402,1.3571855719312938e-14,5.925633156214763e+27
0.008768856094587427,1.4049285857626082e-14,5.53669245903751e+27
0.009077326525210223,1.4543511012161313e-14,5.172838611146313e+27
0.009396648314954691,1.5055121997254107e-14,4.832552008340388e+27
0.009727203192450537,1.55847304108804e-14,4.5143698618976616e+27
0.010069386314760271,1.613296936578261e-14,4.2169248665725103e+27
0.01042360673976401,1.6700494246315103e-14,3.938904245216542e+27
0.010790287915161836,1.728798349191399e-14,3.679086715476396e+27
0.011169868184678225,1.789613940812776e-14,3.4363084433710083e+27
0.011562801312073753,1.8525689006178325e-14,3.2094811876627997e+27
0.011969557023590427,1.9177384872056108e-14,2.997568885833994e+27
0.012390621569479156,1.9852006066188113e-14,2.7996090422813333e+27
0.012826498305280598,2.055035905475447e-14,2.61468856465551e+27
0.013277708293554291,2.1273278673766813e-14,2.4419617461922577e+27
0.013744790926775366,2.2021629127060956e-14,2.2806248650381484e+27
0.014228304572143519,2.2796305019396904e-14,2.1299465774812424e+27
0.014728827239075018,2.359823242590121e-14,1.989214363523716e+27
0.01524695727017573,2.4428369999130148e-14,1.8577669802652387e+27
0.015783314056521166,2.528771011507708e-14,1.7350034267512985e+27
0.01633853877809862,2.6177280059494046e-14,1.6203501881798895e+27
0.016913295170296487,2.7098143255945623e-14,1.5132685308876673e+27
0.01750827031735725,2.8051400537063438e-14,1.4132691808959647e+27
0.018124175473742375,2.9038191460520556e-14,1.3198731063981796e+27
0.018761746914391215,3.0059695671299317e-14,1.232647720748568e+27
0.019421746814890263,3.111713431188088e-14,1.1511880066981552e+27
0.02010496416260499,3.221177148204247e-14,1.0751102459429801e+27
0.02081221569986339,3.3344915750007125e-14,1.004058200181811e+27
0.021544346900318843,3.451792171675284e-14,9.377065967074458e+26
0.022302232979659387,3.5732191635350674e-14,8.75737248021895e+26
0.023086779941871697,3.6989177087267995e-14,8.178627287359595e+26
0.023898925662310503,3.829038071764064e-14,7.63814230366825e+26
0.024739641008868142,3.963735803158836e-14,7.133368462292802e+26
0.025609931002584595,4.103171925372098e-14,6.661965126401902e+26
0.02651083601908539,4.247513125305823e-14,6.22173899628404e+26
0.027443433032283655,4.3969319535664225e-14,5.810574760170761e+26
0.028408836901833042,4.551607030737886e-14,5.426580643956184e+26
0.029408201705870638,4.7117232609111815e-14,5.067972969469196e+26
0.03044272212064303,4.8774720527251846e-14,4.733060111376347e+26
0.03151363484866479,5.049051548183375e-14,4.420288398343806e+26
0.0326222200971167,5.2266668595198426e-14,4.128183468135066e+26
0.033769803108250916,5.410530314397745e-14,3.8553834524254484e+26
0.03495775574363275,5.600861709733352e-14,3.600609855239978e+26
0.0361874981241128,5.797888574449105e-14,3.3626791762201795e+26
0.03746050032748993,6.001846441469782e-14,3.140469145648626e+26
0.03877828414589457,6.212979129286936e-14,2.9329489350518382e+26
0.040142424904993215,6.431539033428202e-14,2.73913974028426e+26
0.04155455334718875,6.657787428179887e-14,2.558139129089472e+26
0.04301635758106795,6.891994778923545e-14,2.389098597813043e+26
0.044529585099426554,7.134441065459923e-14,2.2312325844261988e+26
0.046096044868284336,7.38541611670678e-14,2.083796703986959e+26
0.047717609489387455,7.645219957170679e-14,1.946106779099839e+26
0.0493962174387832,7.914163165606967e-14,1.817514162536377e+26
0.05113387538414326,8.192567246296664e-14,1.697419414208135e+26
0.052932660583605615,8.480765013384125e-14,1.585259855668676e+26
0.05479472336900287,8.779100988734903e-14,1.4805142282559728e+26
0.05672228971644543,9.087931813789454e-14,1.3826888707507806e+26
0.05871766390733255,9.407626675905007e-14,1.2913296861833803e+26
0.0607832312829723,9.738567749695255e-14,1.2060063843532577e+26
0.06292146109610344,1.00811506538955e-13,1.1263221926819123e+26
0.06513490946272803,1.0435784924299359e-13,1.0519019522730476e+26
0.06742622241778341,1.0802894503332423e-13,9.823998705969788e+25
0.0697981390783066,1.1182918246848128e-13,9.17490231632676e+25
0.07225349491787214,1.157631044875164e-13,8.568708514392933e+25
0.07479522515621821,1.198354138407897e-13,8.00256816857322e+25
0.0774263682681127,1.240509787118048e-13,7.473831632545642e+25
0.08015006961565405,1.284148385368086e-13,6.980027315379751e+25
0.08296958520834907,1.3293221002911272e-13,6.51885505688836e+25
0.0858882855954625,1.376084934153381e-13,6.088144014352247e+25
0.08890965989529158,1.4244927889103826e-13,5.685918964367631e+25
0.09203731996618221,1.474603533034178e-13,5.310256757559107e+25
0.0952750047242729,1.5264770706913554e-13,4.959418620799857e+25
0.0986265846131282,1.5801754133546175e-13,4.631755554336516e+25
0.10209606623060476,1.6357627539335032e-13,4.325744363004713e+25
0.10568759711848051,1.693305543512871e-13,4.0399449604222615e+25
0.10940547072057435,1.7528725707908982e-13,3.7730471125681987e+25
0.11325413151528127,1.8145350443115333e-13,3.5237814182967104e+25
0.11723818032865997,1.8783666775897243e-13,3.2909687251693137e+25
0.12136237983442417,1.944443777231177e-13,3.07354688493487e+25
0.12563166024741215,2.0128453341519879e-13,2.8704891589216215e+25
0.130051125217341,2.0836531180071938e-13,2.680842729595873e+25
0.1346260579298911,2.1569517749411292e-13,2.5037441370205375e+25
0.13936192742241435,2.2328289287764382e-13,2.3383335507622345e+25
0.14426439512181588,2.3113752857627095e-13,2.1838500821507393e+25
0.14933932161242533,2.392684743009956e-13,2.0395757384355807e+25
0.15459277364194784,2.47685450073656e-13,1.9048312595281167e+25
0.16003103137387018,2.563985178465873e-13,1.7789865313137147e+25
0.16566059589499152,2.654180935310375e-13,1.6614635795909696e+25
0.1714881969870541,2.747549594487183e-13,1.5517004646294493e+25
0.1775208011717636,2.844202772213762e-13,1.4491881418245018e+25
0.18376562003881725,2.944256011137922e-13,1.3534501313393092e+25
0.1902301188668946,3.0478289184616117e-13,1.2640358002491273e+25
0.19692202554791735,3.1550453089236223e-13,1.1805302711028142e+25
0.20384933982524642,3.266033352812133e-13,1.1025402370391314e+25
0.21102034285685967,3.380925729184034e-13,1.0297026657097189e+25
0.21844360711494284,3.499859784474191e-13,9.616764852333027e+24
0.22612800663372795,3.6229776966842625e-13,8.981455304607625e+24
0.23408272761782944,3.7504266453473396e-13,8.388108355959033e+24
0.24231727942376008,3.882358987471599e-13,7.83397045968518e+24
0.2508415059277541,4.0189324396732906e-13,7.316432212334705e+24
0.25966559729348726,4.160310266716794e-13,6.833084494878365e+24
0.26880010215376077,4.3066614766871243e-13,6.381664743627774e+24
0.2782559402207126,4.458161023028213e-13,5.960074112302688e+24
0.28804441533962977,4.61499001368848e-13,5.566329406671288e+24
0.29817722900196736,4.777335927623721e-13,5.198603214922652e+24
0.30866649433372745,4.945392838916114e-13,4.855164113275489e+24
0.31952475057592133,5.119361648777296e-13,4.5344135149361486e+24
0.33076497807442423,5.29945032571281e-13,4.2348501255734984e+24
0.34240061379714254,5.485874154135058e-13,3.955080901169438e+24
0.3544455673970435,5.678855991721952e-13,3.693790356451897e+24
0.3669142378402494,5.878626535828908e-13,3.449765178056648e+24
0.37982153061907364,6.085424599272674e-13,3.2218574052986887e+24
0.393182875570577,6.299497395816671e-13,3.0090073905312603e+24
0.4070142453219439,6.521100835699121e-13,2.8102152668561397e+24
0.42133217438472886,6.750499831557249e-13,2.62455660471071e+24
0.43615377892080054,6.987968615113281e-13,2.451162444398135e+24
0.4514967772036102,7.233791065000801e-13,2.2892256266378598e+24
0.46737951079924633,7.488261046123365e-13,2.1379845799968875e+24
0.4838209664925957,7.75168276095107e-13,1.9967355421012394e+24
0.5008407989848213,8.024371113175009e-13,1.8648157024792148e+24
0.5184593543892912,8.306652084154346e-13,1.7416530909734979e+24
0.5366976945540476,8.598863122606039e-13,1.6265836134686286e+24
0.5555776222398878,8.901353548003034e-13,1.5191217059748014e+24
0.5751217071841613,9.214484968163196e-13,1.4187555410468685e+24
0.595353313081437,9.538631711528166e-13,1.3250202460813626e+24
0.6162966255132942,9.874181274648898e-13,1.2374760487154823e+24
0.6379766808606282,1.0221534785412812e-12,1.1557155936602157e+24
0.6604193962330305,1.0581107482566367e-12,1.0793548775272861e+24
0.6836516004510238,1.0953329212106212e-12,1.008042647056178e+24
0.707701066118189,1.1338644941132399e-12,9.414409094418573e+23
0.732596542821523,1.1737515289777876e-12,8.792360237623484e+23
0.7583677914997191,1.2150417081850198e-12,8.211414861638618e+23
0.7850456200204509,1.2577843914843659e-12,7.668851077795524e+23
0.8126619200091946,1.3020306750003312e-12,7.162121302171307e+23
0.8412497049736118,1.3478334523146213e-12,6.688893326604141e+23
0.8708431497690724,1.3952474776970124e-12,6.246913518961579e+23
0.9014776314524917,1.444329431560553e-12,5.834130836465464e+23
0.9331897715733238,1.495137988219348e-12,5.44862338841921e+23
0.9660174799522646,1.5477338860299192e-12,5.088581415832764e+23
1.0,1.60218e-12,4.752319904723356e+23
1.0351779556301763,1.6585414169515558e-12,4.438290167464632e+23
1.0715933998226712,1.7168855133278872e-12,4.1449976207277867e+23
1.1092898648952227,1.7772820357378279e-12,3.871080768184657e+23
1.148312414543511,1.8398031843333225e-12,3.615264058366959e+23
1.1887076977119033,1.9045236991200573e-12,3.3763465260238816e+23
1.2305240043592616,1.9715209493043215e-12,3.153217436238514e+23
1.2738113231864785,2.040875025782912e-12,2.9448275218534503e+23
1.3186214013947486,2.112668836886638e-12,2.7502060857544624e+23
1.3650078065460138,2.1869882074918923e-12,2.5684428067933094e+23
1.4130259905995337,2.263921981618761e-12,2.39869086469158e+23
1.4627333562011298,2.343562128638326e-12,2.2401534959860598e+23
1.514189325304352,2.4260038532161265e-12,2.0920933986973047e+23
1.567455410205595,2.5113457091232e-12,1.9538143731650405e+23
1.622595287078087,2.5996897170507693e-12,1.8246721560634067e+23
1.679674872092653,2.6911414865694067e-12,1.7040626514392244e+23
1.7387624002162505,2.785810342378472e-12,1.5914237925401385e+23
1.7999285067824764,2.8838094549967478e-12,1.4864590916197038e+23
1.8632463119315599,2.9852559760505063e-12,1.3882040774307989e+23
1.9287915080207778,3.0902711783207297e-12,1.2964402603135872e+23
1.9966424501097935,3.198980600716909e-12,1.2107405265932922e+23
2.066880249629082,3.3115141983507225e-12,1.130702516069467e+23
2.1395888713434217,3.4280064978890032e-12,1.0559545872188129e+23
2.214855233726359,3.548596758371698e-12,9.861455876296499e+22
2.292769312865649,3.673429137687085e-12,9.20950578318678e+22
2.373424250023866,3.802652864903238e-12,8.60063150305992e+22
2.45691646298279,3.936422418661767e-12,8.031994312567165e+22
2.543345761304648,4.074897711847081e-12,7.5009372192158165e+22
2.63281546564802,4.2182442827519446e-12,7.004974711420718e+22
2.7254325312810277,4.366633492967837e-12,6.541789282295907e+22
2.8213076759394706,4.520242732236701e-12,6.109221171625417e+22
2.920555512182745,4.67925563050895e-12,5.705237915727159e+22
3.0232946844057764,4.8438622774612465e-12,5.327957119035659e+22
3.1296480106707505,5.014259449736463e-12,4.9756159025201665e+22
3.2397426295281955,5.190650846177484e-12,4.646563863065821e+22
3.353710152002929,5.373247331336052e-12,4.339261196777798e+22
3.4716868189265595,5.562267187547755e-12,4.052274424696339e+22
3.593813663804626,5.7579363758744954e-12,3.784255529327031e+22
3.720236681413066,5.9604888062263855e-12,3.5339527358609545e+22
3.851107002325569,6.17016661698598e-12,3.3001951739406375e+22
3.986581073580439,6.387220464469107e-12,3.0818908396029185e+22
4.126820845702952,6.611909822568355e-12,2.878015876532623e+22
4.271993966306777,6.8445032929373914e-12,2.687625255199406e+22
4.422273980505897,7.085278926086937e-12,2.5098177866147744e+22
4.577840538376616,7.334524553776247e-12,2.3437662886033535e+22
4.738879609717651,7.592538133097427e-12,2.1886924343958787e+22
4.905583706365046,7.859628102663949e-12,2.0438719252676108e+22
5.078152112327671,8.136113751329148e-12,1.9086255104307e+22
5.256791122018419,8.42232559987547e-12,1.7823256730051851e+22
5.441714286865888,8.718605796130788e-12,1.664374787905502e+22
5.633142670601352,9.025308523984074e-12,1.5542234825650866e+22
5.831305113526219,9.342800426789438e-12,1.451356574480187e+22
6.036438506075863,9.671461045664626e-12,1.3560208147179966e+22
6.248788072006888,1.0011683273207995e-11,1.2662643706461153e+22
6.46860766154632,1.0363873823176283e-11,1.1824455479550701e+22
6.696160054853215,1.0728453716684725e-11,1.1041677839889135e+22
6.9317172761554,1.1105858785510658e-11,1.03106948768357e+22
7.175560918936921,1.1496540193102356e-11,9.62805694042204e+21
7.427982482564911,1.1900964973915848e-11,8.990582216475703e+21
7.689283720758305,1.231961659172454e-11,8.39535306207035e+21
7.959777002314977,1.275299551756901e-11,7.839489666034285e+21
8.239785684528512,1.320161982803789e-11,7.320394524210373e+21
8.529644499741016,1.366602582459506e-11,6.835636365236709e+21
8.829699955494084,1.4146768674693511e-11,6.382947466204923e+21
9.140310748756223,1.4644423075442243e-11,5.960204686223078e+21
9.461848194721991,1.5159583940619678e-11,5.565432645343907e+21
9.794696670695386,1.5692867111854733e-11,5.196775769965691e+21
10.139254075588143,1.6244910094825812e-11,4.852510364609806e+21
10.495932305582267,1.6816372821357797e-11,4.5310233249971186e+21
10.865157746525373,1.740793843832802e-11,4.2308097809123823e+21
11.247371783647507,1.8020314124324364e-11,3.950461388636884e+21
11.643031329208757,1.8654231935031685e-11,3.688667105601236e+21
12.052609368708413,1.9310449678357246e-11,3.444196455561834e+21
12.476595526308685,1.998975182034125e-11,3.215905612292958e+21
12.915496650148826,2.0692950422935446e-11,3.002724089666408e+21
13.369837418249451,2.1420886114770906e-11,2.803654413625292e+21
13.840160965731302,2.2174429096075377e-11,2.6177636379730436e+21
14.327029534098294,2.2954480178941604e-11,2.4441792747996814e+21
14.831025143361028,2.376197186419017e-11,2.2820850973097297e+21
15.352750287804211,2.459786945611415e-11,2.1307349578607868e+21
15.892828656229764,2.5463172216438203e-11,1.989407089408034e+21
16.451905877536607,2.63589145588716e-11,1.8574373776187953e+21
17.030650292528424,2.7286167285683188e-11,1.7342122400489763e+21
17.629753752872038,2.824603886777652e-11,1.6191718009446861e+21
18.249932448161506,2.92396767697954e-11,1.5130715609233128e+21
18.891927762076644,3.026826882184396e-11,1.4126582787321637e+21
19.55650715865947,3.133304463946103e-11,1.3189018276658306e+21
20.244465099768018,3.243527709354632e-11,1.2313860807562347e+21
20.956623994804307,3.357628383199556e-11,1.14966714048735e+21
21.69383518385182,3.475742885486371e-11,1.0733617983841046e+21
22.456979955397717,3.598012414493911e-11,1.002111088958048e+21
23.246970599856454,3.724583135567801e-11,9.35580775230601e+20
24.064751500154216,3.855606355851708e-11,8.734583863662995e+20
24.91130026067786,3.991238705165285e-11,8.154522448438341e+20
25.787628875938037,4.13164232324504e-11,7.612900282511201e+20
26.694784940343236,4.2769850535719125e-11,7.107176167384903e+20
27.633852900531725,4.427440644017392e-11,6.634964843838641e+20
28.605955351757448,4.5831889545478746e-11,6.194053247059353e+20
29.612254379880376,4.744416172235674e-11,5.782383861770081e+20
30.653952950565298,4.9113150338336705e-11,5.398004281781365e+20
31.732296347349795,5.084085056179689e-11,5.0391065254158284e+20
32.84857366030047,5.26293277470602e-11,4.7040067544701986e+20
34.004119327037095,5.4480719903392294e-11,4.391167498247554e+20
35.20031472796683,5.639724025085389e-11,4.099081482595101e+20
36.43858983763548,5.838117986606282e-11,3.826368306564313e+20
37.72042493417001,6.04349104210285e-11,3.5717437021543426e+20
39.04735236885564,6.256088701833313e-11,3.334024396759031e+20
40.4209583979631,6.476165112604852e-11,3.1121414752881535e+20
41.84288507901584,6.70398336158976e-11,2.9049808091021948e+20
43.31483223376403,6.939815790829205e-11,2.711567858441295e+20
44.838559480211906,7.183944322800591e-11,2.5309916718727276e+20
46.41588833612782,7.436660797437727e-11,2.3624171713136244e+20
48.04870439655134,7.698267321006661e-11,2.2051022210100432e+20
49.73895958790068,7.969076627254271e-11,2.0582342604183336e+20
51.48867450137497,8.249412451261296e-11,1.9211191140803776e+20
53.29994080844093,8.539609916446788e-11,1.794805313203062e+20
55.17492376129129,8.840015935186567e-11,1.6751473746273062e+20
57.11586478126435,9.150989623524611e-11,1.56348346564667e+20
59.12508413831881,9.472902730473162e-11,1.4592540242504257e+20
61.204983724767025,9.806140082414723e-11,1.3619486566788945e+20
63.35804992658254,1.01511000431372e-10,1.2711157699145767e+20
65.58685659571435,1.0508194990052162e-10,1.1863199974535804e+20
67.89406812696113,1.0877851807165458e-10,1.1071597182856333e+20
70.28244264308353,1.1260512395389557e-10,1.0332609876413291e+20
72.75483529196232,1.165663420080762e-10,9.642747937488622e+19
75.31420165974376,1.2066690761520825e-10,8.998866893435614e+19
77.96360130405237,1.2491172273732663e-10,8.397847175290346e+19
80.70620141149507,1.2930586177746918e-10,7.836800758225999e+19
83.54528058382871,1.3385457764579868e-10,7.3130736505742066e+19
86.48423275731727,1.385633080391186e-10,6.8241879411842154e+19
89.526571259964,1.4343768194128912e-10,6.367863832796588e+19
92.67593301146883,1.484835263523151e-10,5.942069730817361e+19
95.93608287093147,1.5370687325414897e-10,5.544621171041163e+19
99.310918137498,1.5911396682153656e-10,5.173633438964504e+19
102.80447320933098,1.647112708865259e-10,4.8273485354479256e+19
106.42092440647247,1.7050547666556205e-10,4.504124971236804e+19
110.16459496336569,1.7650351075840523e-10,4.202457654722308e+19
114.03996019700331,1.8271254342843477e-10,3.921040333008445e+19
118.05165285688055,1.8913999717423688e-10,3.6583779646208623e+19
122.20446866314887,1.9579355560272385e-10,3.4132235206831423e+19
126.50337203959037,2.026811726143909e-10,3.1844127047042134e+19
130.95350204826676,2.0981108191169202e-10,2.9708585413730435e+19
135.5601785329369,2.1719180684190083e-10,2.7715666281762955e+19
140.32890847858732,2.2483217058622304e-10,2.585646308859e+19
145.26539259467813,2.327413067073414e-10,2.4146123680832795e+19
150.37553212997383,2.4092867006800147e-10,2.2525301066807706e+19
155.66543592710622,2.4940404813369105e-10,2.1012644068614005e+19
161.14142772530198,2.581775726729243e-10,1.9600954925773742e+19
166.81005372000593,2.672597318691191e-10,1.8283792569375699e+19
172.6780903884356,2.7666138285854377e-10,1.7054768680330914e+19
178.75255259042353,2.8639376470932475e-10,1.590812421534714e+19
185.0407019542302,2.9646851185702853e-10,1.4838441855493054e+19
191.55005555735278,3.068976680128795e-10,1.3840263556039549e+19
198.28839491270713,3.176937005612411e-10,1.2908818632909285e+19
205.2637752709252,3.288695154635709e-10,1.2039705612296708e+19
212.4845352498883,3.40438472686666e-10,1.1229110590812545e+19
219.95930680300748,3.524144021736425e-10,1.0472750526530898e+19
227.697025538168,3.64811620376742e-10,9.767008378828212e+18
235.7069413996728,3.776449473717277e-10,9.108553215598634e+18
243.99862972595503,3.909297245743306e-10,8.494203365590683e+18
252.58200269627847,4.0468183307992344e-10,7.920998606733357e+18
261.4673211801092,4.1891771264834733e-10,7.386216698249918e+18
270.66520700332416,4.336543813565859e-10,6.887554449660707e+18
280.18665564591953,4.489094559427793e-10,6.422321358132186e+18
290.04304938639916,4.64701172865901e-10,5.988322027836663e+18
300.2461709085549,4.810484101062685e-10,5.583505277826417e+18
310.8082173869064,4.979707097329537e-10,5.205851878808182e+18
321.74181506763716,5.154883012650669e-10,4.85354762710103e+18
333.06003436245885,5.336221258548443e-10,4.524895566002399e+18
344.7764054734464,5.523938613214464e-10,4.2183886628570086e+18
356.90493456752296,5.718259480653939e-10,3.9325753010785884e+18
369.46012051993023,5.919416158946218e-10,3.6698386762990674e+18
382.45697224669993,6.127649117942176e-10,3.42103274298289e+18
395.91102664684587,6.343207286730435e-10,3.188967175488505e+18
409.83836717572615,6.566348351216049e-10,2.9725122814701665e+18
424.2556430717777,6.797339062167407e-10,2.7706216594507474e+18
439.18008925960856,7.036455554099596e-10,2.582319500074626e+18
454.6295469532399,7.283983675375419e-10,2.406699486301771e+18
470.62248498412816,7.540219329918705e-10,2.2430000309324826e+18
487.1780218794631,7.805468830948382e-10,2.0904277649538944e+18
504.3159487171359,8.080049267156207e-10,1.948162130783132e+18
522.0567527846976,8.364288881765867e-10,1.8154925934087892e+18
540.4216420705915,8.658527464926602e-10,1.6917748295528773e+18
559.4325706169377,8.963116759910452e-10,1.5764077375981066e+18
579.1122647641758,9.278420883598672e-10,1.468830407050575e+18
599.4842503189409,9.604816761760007e-10,1.3685194513392868e+18
620.57288067765,9.942694579641172e-10,1.2749878005497987e+18
642.4033659394191,1.0292458248408184e-09,1.1879055618744773e+18
665.0018030431119,1.065452588799613e-09,1.1067240987306495e+18
688.3952069645496,1.1029330326944621e-09,1.0310375225473224e+18
712.6115430111745,1.1417319619816435e-09,9.604759154624599e+17
737.679760252773,1.1818957582817878e-09,8.946941473522525e+17
763.6298261282242,1.2234724348261183e-09,8.333702191121751e+17
790.4927622696421,1.266511693853175e-09,7.762046086591895e+17
818.300681586739,1.3110649860246414e-09,7.229289719443645e+17
847.0868266557402,1.3571855719312937e-09,6.732945671856984e+17
876.8856094587427,1.4049285857626082e-09,6.270544326179665e+17
907.7326525210224,1.4543511012161317e-09,5.845155017687077e+17
939.6648314954691,1.5055121997254106e-09,5.443156911934454e+17
972.7203192450537,1.55847304108804e-09,5.0684928995225e+17
1006.9386314760292,1.6132969365782644e-09,4.719317585346725e+17
1042.3606739764032,1.6700494246315136e-09,4.3939684013862406e+17
1079.0287915161857,1.7287983491914024e-09,4.090801359694285e+17
1116.9868184678248,1.7896139408127796e-09,3.808452141912582e+17
1156.2801312073777,1.8525689006178363e-09,3.54537666199455e+17
1196.9557023590453,1.9177384872056153e-09,3.3003265177317715e+17
1239.062156947918,1.9852006066188155e-09,3.0720651687946464e+17
1282.6498305280625,2.0550359054754512e-09,2.8594048945357805e+17
1327.7708293554317,2.1273278673766854e-09,2.6612771741355798e+17
1374.4790926775395,2.2021629127061e-09,2.4767577697349898e+17
1422.8304572143547,2.2796305019396948e-09,2.3048925962957584e+17
1472.8827239075047,2.3598232425901256e-09,2.144794143184383e+17
1524.695727017576,2.44283699991302e-09,1.9957360119898976e+17
1578.3314056521197,2.528771011507713e-09,1.856919181866147e+17
1633.8538778098637,2.6177280059494072e-09,1.7276327239335856e+17
1691.3295170296506,2.7098143255945653e-09,1.6072357972287466e+17
1750.827031735727,2.8051400537063466e-09,1.495171198802264e+17
1812.4175473742396,2.903819146052059e-09,1.3908113468811182e+17
1876.1746914391233,3.0059695671299344e-09,1.293692392010012e+17
1942.1746814890284,3.1117134311880915e-09,1.2032604226512944e+17
2010.496416260501,3.2211771482042494e-09,1.1190582836810251e+17
2081.2215699863414,3.334491575000716e-09,1.04183718001446e+17
2154.4346900318865,3.4517921716752877e-09,9.688125862918013e+16
2230.2232979659407,3.5732191635350707e-09,9.008611908483246e+16
2308.677994187172,3.698917708726803e-09,8.376035336464912e+16
2389.8925662310526,3.829038071764068e-09,7.787183020927445e+16
2473.9641008868166,3.96373580315884e-09,7.239059343572872e+16
2560.993100258462,4.1031719253721024e-09,6.7292286936019864e+16
2651.083601908542,4.247513125305827e-09,6.255037472098783e+16
2744.3433032283683,4.396931953566427e-09,5.8137288603800616e+16
2840.883690183307,4.5516070307378906e-09,5.403044877853165e+16
2940.8201705870665,4.711723260911186e-09,5.020939836393539e+16
3044.2722120643057,4.877472052725189e-09,4.6655647512800024e+16
3151.3634848664824,5.049051548183381e-09,4.335099335490997e+16
3262.2220097116733,5.226666859519849e-09,4.027663711390225e+16
3376.980310825095,5.410530314397751e-09,3.741693025316679e+16
3495.775574363279,5.600861709733358e-09,3.4757141689773164e+16
3618.749812411284,5.797888574449111e-09,3.228375668638187e+16
3746.0500327489967,6.001846441469787e-09,2.9984140960597668e+16
3877.8284145894613,6.212979129286943e-09,2.7845469302414308e+16
4014.242490499326,6.4315390334282094e-09,2.5856821919419824e+16
4155.455334718879,6.657787428179894e-09,2.4009107439446972e+16
4301.6357581068,6.891994778923552e-09,2.229144723308597e+16
4452.9585099426595,7.13444106545993e-09,2.0694383564282624e+16
4609.604486828439,7.385416116706788e-09,1.920990489350839e+16
4771.7609489387505,7.645219957170686e-09,1.7853387981003678e+16
4939.621743878326,7.914163165606976e-09,1.6570117197508272e+16
5113.387538414331,8.192567246296672e-09,1.537744497858645e+16
5293.266058360567,8.480765013384133e-09,1.4269197069933354e+16
5479.472336900292,8.77910098873491e-09,1.3239728079860148e+16
5672.228971644549,9.087931813789463e-09,1.2283053951623776e+16
5871.766390733262,9.407626675905017e-09,1.1394242119486202e+16
6078.3231282972365,9.738567749695266e-09,1.056885884635657e+16
6292.14610961035,1.0081150653895511e-08,9802012888725182.0
6513.490946272809,1.043578492429937e-08,9089982272085388.0
6742.622241778349,1.0802894503332435e-08,8428967543141231.0
6979.813907830667,1.1182918246848137e-08,7815238205277896.0
7225.349491787221,1.157631044875165e-08,7245376219334726.0
7479.5225156218285,1.1983541384078981e-08,6716382135641489.0
7742.636826811277,1.2405097871180492e-08,6225329856257858.0
8015.006961565413,1.2841483853680873e-08,5769396272113108.0
8296.958520834914,1.3293221002911283e-08,5346382301889159.0
8588.828559546258,1.3760849341533824e-08,4953684544189412.0
8890.965989529168,1.4244927889103842e-08,4589412800593089.0
9203.73199661823,1.4746035330341794e-08,4251374383544763.5
9527.5004724273,1.5264770706913572e-08,3937875181575992.5
9862.65846131283,1.580175413354619e-08,3647097769200499.0
10209.606623060476,1.635762753933503e-08,3381992038647488.5
10568.75971184805,1.6933055435128708e-08,3131478545666308.0
10940.547072057436,1.7528725707908983e-08,2899095001140341.5
11325.413151528126,1.814535044311533e-08,2683539212468422.0
11723.818032865998,1.8783666775897245e-08,2483623641194781.0
12136.237983442417,1.9444437772311773e-08,2298308388145262.0
12563.166024741215,2.0128453341519878e-08,2126526637024662.8
13005.1125217341,2.0836531180071938e-08,1967330608855723.5
13462.60579298911,2.156951774941129e-08,1819846162395687.5
13936.192742241436,2.2328289287764382e-08,1683258138175614.2
14426.439512181589,2.3113752857627097e-08,1556840342655106.2
14933.932161242534,2.392684743009956e-08,1439762729482865.0
15459.277364194786,2.4768545007365602e-08,1331280945986961.0
16003.103137387017,2.563985178465873e-08,1230770543178598.5
16566.059589499153,2.6541809353103752e-08,1137655821887669.8
17148.819698705407,2.747549594487183e-08,1051401964806619.5
17752.08011717636,2.8442027722137618e-08,971512193605017.4
18376.562003881725,2.944256011137922e-08,897525097033355.4
19023.01188668946,3.047828918461612e-08,829012154684951.5
19692.202554791736,3.155045308923622e-08,765575419083715.4
20384.933982524642,3.266033352812133e-08,707967092229569.4
21102.034285685964,3.380925729184034e-08,653607010175039.0
21844.360711494282,3.499859784474191e-08,603422953924906.1
22612.800663372796,3.622977696684262e-08,557043507728723.06
23408.272761782944,3.75042664534734e-08,514165781298410.06
24231.727942376005,3.8823589874715985e-08,474500014647281.4
25084.15059277541,4.018932439673291e-08,437809803851309.4
25966.559729348723,4.1603102667167934e-08,403876135705159.4
26880.010215376074,4.306661476687124e-08,372495750010063.56
27825.59402207126,4.458161023028213e-08,343480304870140.75
28804.441533962978,4.61499001368848e-08,316657779933311.25
29817.722900196735,4.77733592762372e-08,291877042663100.7
30866.649433372746,4.9453928389161146e-08,268993990411962.5
31952.475057592135,5.119361648777297e-08,247871305843676.78
33076.49780744242,5.29945032571281e-08,228370115163272.03
34240.06137971426,5.485874154135059e-08,210364081146006.56
35444.556739704356,5.678855991721952e-08,193746452968506.38
36691.42378402494,5.8786265358289076e-08,178404762615310.38
37982.15306190736,6.085424599272673e-08,164247921199466.94
39318.2875570577,6.299497395816671e-08,151179043928731.62
40701.42453219439,6.52110083569912e-08,139413399069170.06
42133.217438472886,6.750499831557249e-08,128273178409691.19
43615.377892080054,6.987968615113282e-08,118001305965044.8
45149.67772036102,7.233791065000801e-08,108535303243954.95
46737.951079924635,7.488261046123364e-08,99809989303951.92
48382.09664925957,7.75168276095107e-08,91765444294061.66
50084.07989848212,8.024371113175008e-08,84355429495643.3
51845.93543892913,8.306652084154348e-08,77526938151867.75
53669.76945540476,8.59886312260604e-08,71237735092819.55
55557.76222398878,8.901353548003034e-08,65444282853291.625
57512.170718416135,9.214484968163195e-08,60105838247225.82
59535.3313081437,9.538631711528168e-08,55194779567547.64
61629.66255132942,9.874181274648896e-08,50672816041454.93
63797.668086062826,1.0221534785412814e-07,46511293614047.03
66041.93962330306,1.0581107482566369e-07,42682036110888.02
68365.16004510238,1.0953329212106214e-07,39159878260626.63
70770.10661181889,1.1338644941132398e-07,35921385347521.234
73259.6542821523,1.1737515289777877e-07,32943148648522.125
75836.7791499719,1.2150417081850197e-07,30203024392203.79
78504.56200204509,1.257784391484366e-07,27762674771592.906
81266.19200091946,1.3020306750003314e-07,25445791427327.17
84124.97049736118,1.3478334523146213e-07,23315351332275.35
87084.31497690723,1.3952474776970123e-07,21357512527545.14
90147.76314524918,1.4443294315605532e-07,19559987091187.41
93318.97715733238,1.4951379882193479e-07,17910117040668.098
96601.74799522645,1.547733886029919e-07,16394318109707.344
100000.0,1.6021799999999999e-07,15004536061994.12
103517.79556301763,1.6585414169515558e-07,13729166864428.658
107159.3399822671,1.716885513327887e-07,12558610363844.625
110928.98648952227,1.7772820357378278e-07,11485380562336.873
114831.24145435111,1.8398031843333226e-07,10501238737853.55
118870.76977119033,1.9045236991200573e-07,9599695891599.594
123052.40043592616,1.9715209493043217e-07,8773105906703.057
127381.13231864784,2.040875025782912e-07,8014982546599.766
131862.14013947485,2.1126688368866381e-07,7319782473687.661
136500.78065460137,2.1869882074918923e-07,6684572395802.371
141302.59905995335,2.2639219816187605e-07,6127615507232.795
146273.33562011298,2.3435621286383261e-07,5593977106705.395
151418.9325304352,2.426003853216127e-07,5105050211658.759
156745.5410205595,2.5113457091232003e-07,4657476313299.465
162259.5287078087,2.5996897170507694e-07,4248363749843.733
167967.48720926532,2.691141486569407e-07,3874241063415.1147
173876.24002162504,2.785810342378472e-07,3532214619294.9336
179992.85067824763,2.8838094549967477e-07,3219242881657.225
186324.63119315598,2.9852559760505065e-07,2933797757037.1665
192879.15080207778,3.0902711783207295e-07,2672780615420.212
199664.24501097933,3.1989806007169086e-07,2434450136987.3794
206688.0249629082,3.3115141983507227e-07,2216868168062.9614
213958.88713434216,3.4280064978890033e-07,2018003579899.6099
221485.52337263591,3.548596758371698e-07,1836546630831.6035
229276.93128656488,3.6734291376870854e-07,1671208699907.3496
237342.42500238662,3.8026528649032376e-07,1520182910293.0715
245691.646298279,3.9364224186617663e-07,1382534778083.3064
254334.57613046482,4.074897711847081e-07,1263544294249.4292
263281.546564802,4.2182442827519446e-07,1148796854484.2122
272543.2531281028,4.3666334929678374e-07,1044096369354.4059
282130.76759394706,4.520242732236701e-07,948850762094.8547
292055.5512182745,4.6792556305089507e-07,862035404939.1809
302329.4684405776,4.843862277461246e-07,783049049140.5992
312964.80106707505,5.014259449736463e-07,711115662708.4163
323974.2629528195,5.190650846177483e-07,645741018736.2981
335371.01520029287,5.373247331336052e-07,586231290265.5873
347168.68189265596,5.562267187547755e-07,532032750638.1716
359381.36638046254,5.757936375874495e-07,482741023258.83386
372023.6681413066,5.960488806226386e-07,437922081461.6285
385110.7002325569,6.17016661698598e-07,397219865931.51746
398658.1073580439,6.387220464469107e-07,360334687732.9302
412682.0845702952,6.611909822568356e-07,326873608401.3954
427199.3966306777,6.844503292937392e-07,298897815825.24866
442227.3980505897,7.085278926086938e-07,271032230506.10464
457784.05383766163,7.334524553776247e-07,245678049967.92886
473887.9609717651,7.592538133097426e-07,222610808530.2737
490558.37063650455,7.859628102663949e-07,201625635167.30914
507815.21123276703,8.136113751329146e-07,182574068457.11392
525679.1122018419,8.42232559987547e-07,165445367594.984
544171.4286865888,8.718605796130788e-07,149969112572.58823
563314.2670601351,9.025308523984073e-07,135942688863.115
583130.5113526218,9.342800426789436e-07,123219003840.46188
603643.8506075863,9.671461045664626e-07,111656166342.6811
624878.8072006888,1.0011683273207996e-06,101151330312.01677
646860.7661546321,1.0363873823176284e-06,91626064972.11206
669616.0054853215,1.0728453716684723e-06,83007137999.04619
693171.72761554,1.110585878551066e-06,76009878310.1184
717556.0918936922,1.1496540193102357e-06,68892813388.61607
742798.248256491,1.1900964973915848e-06,62452323752.65614
768928.3720758306,1.2319616591724542e-06,56603051674.65733
795977.7002314978,1.275299551756901e-06,51312708632.685974
823978.5684528511,1.320161982803789e-06,46523827171.71962
852964.4499741016,1.366602582459506e-06,42182667864.908195
882969.9955494083,1.414676867469351e-06,38254766288.21108
914031.0748756223,1.4644423075442246e-06,34710166936.27991
946184.8194721992,1.5159583940619681e-06,31491101850.146164
979469.6670695385,1.569286711185473e-06,28576193628.148678
1013925.4075588143,1.6244910094825809e-06,25940764319.93116
1049593.2305582266,1.6816372821357794e-06,23552527535.842415
1086515.7746525372,1.740793843832802e-06,21382779362.644516
1124737.1783647507,1.8020314124324362e-06,19739601486.79669
1164303.1329208757,1.8654231935031686e-06,17955253155.013775
1205260.9368708413,1.9310449678357246e-06,16332030275.65403
1247659.5526308685,1.9989751820341246e-06,14858615476.577633
1291549.6650148826,2.0692950422935446e-06,13524305022.50433
1336983.7418249452,2.1420886114770905e-06,12315258893.62776
1384016.0965731302,2.2174429096075376e-06,11214140838.177385
1432702.9534098294,2.2954480178941603e-06,10224975996.194057
1483102.5143361029,2.3761971864190174e-06,9325149584.33877
1535275.028780421,2.4597869456114148e-06,8506777879.319263
1589282.8656229763,2.54631722164382e-06,7764237928.44587
1645190.5877536607,2.63589145588716e-06,7088399322.9346285
1703065.0292528425,2.728616728568319e-06,6604930052.480294
1762975.3752872038,2.824603886777652e-06,6043735507.443427
1824993.2448161505,2.9239676769795397e-06,5532534827.6460905
1889192.7762076643,3.0268268821843956e-06,5065206071.087659
1955650.715865947,3.133304463946103e-06,4637683232.881588
2024446.5099768017,3.243527709354632e-06,4246632707.495933
2095662.3994804309,3.3576283831995567e-06,3889407935.569082
2169383.518385182,3.475742885486371e-06,3570887024.147161
2245697.995539772,3.5980124144939117e-06,3282485859.0984077
2324697.0599856456,3.7245831355678016e-06,3018105455.758495
2406475.1500154217,3.855606355851708e-06,2775289159.042898
2491130.026067786,3.991238705165285e-06,2552207385.5356283
2578762.8875937983,4.131642323245032e-06,2395470369.5254965
2669478.4940343183,4.276985053571904e-06,2206651319.0074244
2763385.290053167,4.427440644017383e-06,2033951858.4334755
2860595.535175739,4.583188954547865e-06,1875263845.2139356
2961225.4379880317,4.7444161722356645e-06,1730205734.2582753
3065395.2950565238,4.911315033833661e-06,1597182988.5360231
3173229.634734973,5.084085056179679e-06,1474366362.6130133
3284857.36603004,5.262932774706009e-06,1361855450.726685
3400411.9327037027,5.448071990339218e-06,1259402258.8471045
3520031.4727966753,5.639724025085377e-06,1165052888.381454
3643858.9837635406,5.83811798660627e-06,1097630409.9527185
3772042.4934169934,6.043491042102838e-06,1015902762.5746258
3904735.236885556,6.2560887018333e-06,940668352.3603706
4042095.839796302,6.476165112604839e-06,871944978.0787479
4184288.507901576,6.7039833615897465e-06,808299669.1424704
4331483.223376394,6.939815790829191e-06,749210560.2615613
4483855.948021182,7.183944322800577e-06,694352529.5284735
4641588.833612773,7.436660797437712e-06,643614374.9541998
4804870.439655124,7.698267321006646e-06,597391578.3280915
4973895.958790057,7.969076627254254e-06,554872866.1446834
5148867.450137487,8.249412451261279e-06,524230121.1312394
5329994.080844082,8.53960991644677e-06,486918599.31501883
5517492.376129118,8.840015935186549e-06,452313077.7589953
5711586.478126423,9.150989623524592e-06,420326170.52628493
5912508.413831869,9.472902730473144e-06,390541829.36707366
6120498.37247669,9.806140082414703e-06,363122643.573915
6335804.992658242,1.015110004313718e-05,337575917.2769563
6558685.659571422,1.050819499005214e-05,313996590.7418574
6789406.812696098,1.0877851807165435e-05,292061103.04429257
7028244.264308338,1.1260512395389533e-05,275431598.97922575
7275483.529196218,1.1656634200807596e-05,256066069.72202316
7531420.16597436,1.2066690761520799e-05,238395398.5894997
7796360.130405221,1.2491172273732637e-05,221938987.53582606
8070620.141149491,1.293058617774689e-05,206575298.4723075
8354528.058382854,1.3385457764579841e-05,192242012.79723436
8648423.275731709,1.3856330803911828e-05,178848057.98648462
8952657.125996383,1.4343768194128885e-05,166474319.75605497
9267593.301146865,1.4848352635231483e-05,156601557.09356308
9593608.287093127,1.5370687325414865e-05,145776359.85825264
9931091.81374978,1.5911396682153624e-05,135703592.21048248
10280447.320933076,1.6471127088652555e-05,126300319.11974396
10642092.440647224,1.705054766655617e-05,117636981.80651051
11016459.496336546,1.7650351075840486e-05,109532652.80587931
11403996.019700307,1.827125434284344e-05,101943222.41971931
11805165.285688031,1.8913999717423648e-05,94854400.8751927
12220446.866314862,1.9579355560272346e-05,88868892.35033996
12650337.203959012,2.026811726143905e-05,82738670.13032721
13095350.20482665,2.098110819116916e-05,77070590.30638734
13556017.853293661,2.1719180684190035e-05,71799914.32966368
14032890.847858703,2.2483217058622254e-05,66888306.389263704
14526539.259467782,2.327413067073409e-05,62289423.008783855
15037553.212997353,2.4092867006800096e-05,57999460.689920396
15566543.592710588,2.494040481336905e-05,54010724.03827689
16114142.772530166,2.581775726729238e-05,50442855.533189364
16681005.372000556,2.672597318691185e-05,46974659.37113401
17267809.038843524,2.7666138285854317e-05,43764055.44073579
17875255.25904232,2.8639376470932423e-05,40748849.20647036
18504070.195422985,2.9646851185702797e-05,37933056.245428115
19155005.555735238,3.068976680128788e-05,35323957.46342872
19828839.491270673,3.176937005612404e-05,32917542.98695546
20526377.52709248,3.2886951546357025e-05,30666212.23433794
21248453.524988785,3.404384726866653e-05,28553997.47841489
21995930.6803007,3.524144021736418e-05,26582086.308889627
22769702.553816754,3.648116203767412e-05,24740099.171939764
23570694.13996723,3.77644947371727e-05,23037090.433321193
24399862.972595453,3.9092972457432984e-05,21455195.35968978
25258200.269627795,4.046818330799226e-05,19968268.72151328
26146732.118010867,4.189177126483465e-05,18571831.44228259
27066520.70033236,4.3365438135658493e-05,17268004.00701944
28018665.564591896,4.4890945594277845e-05,16066416.141127167
29004304.938639857,4.647011728659001e-05,14945779.146270838
30024617.09085543,4.810484101062675e-05,13898184.577328328
31080821.738690574,4.979707097329526e-05,12918961.51583237
32174181.50676365,5.154883012650658e-05,12019990.380151283
33306003.436245818,5.336221258548432e-05,11180165.169321941
34477640.54734457,5.5239386132144526e-05,10396608.497582212
35690493.456752226,5.718259480653928e-05,9668161.282158824
36946012.051992945,5.9194161589462056e-05,8983566.2843202
38245697.22466991,6.127649117942164e-05,8360482.514451876
39591102.664684504,6.343207286730422e-05,7775887.043763668
40983836.71757253,6.566348351216036e-05,7236603.518893933
42425564.307177685,6.797339062167394e-05,6736809.295916112
43918008.92596077,7.036455554099582e-05,6273192.440558443
45462954.6953239,7.283983675375404e-05,5847430.933714209
47062248.49841272,7.540219329918689e-05,5450942.983254465
48717802.18794621,7.805468830948365e-05,5083888.2253965605
50431594.87171348,8.08004926715619e-05,4737436.728420118
52205675.278469644,8.36428888176585e-05,4413496.55702389
54042164.20705904,8.658527464926585e-05,4110221.115248185
55943257.06169366,8.963116759910435e-05,3824924.720052677
57911226.47641747,9.278420883598653e-05,3561603.135893502
59948425.03189396,9.604816761759987e-05,3313836.5709459553
62057288.06776488,9.942694579641153e-05,3080635.7911419505
64240336.59394178,0.00010292458248408163,2864496.7168787424
66500180.30431132,0.00010654525887996151,2661804.544490149
68839520.6964551,0.00011029330326944644,2471339.569379604
71261154.3011176,0.00011417319619816459,2293361.092730698
73767976.02527745,0.00011818957582817902,2128048.3804549095
76362982.61282258,0.00012234724348261208,1974006.6922509116
79049276.22696437,0.00012665116938531776,1829657.6498696427
81830068.15867406,0.0001311064986024644,1694624.9911947725
84708682.6655742,0.00013571855719312967,1569551.6521359682
87688560.94587445,0.00014049285857626112,1452563.7765566425
90773265.25210242,0.00014543511012161345,1347201.305130036
93966483.1495471,0.00015055121997254136,1254206.7132164778
97272031.92450558,0.00015584730410880433,1169080.3928657703
100693863.14760292,0.00016132969365782642,1090479.3347987873
104236067.39764033,0.0001670049424631514,1017417.109884641
107902879.15161858,0.00017287983491914025,948902.7907330965
111698681.84678249,0.00017896139408127797,884435.3521756836
115628013.12073778,0.00018525689006178365,824181.3175945531
119695570.23590453,0.0001917738487205615,767699.4128013693
123906215.69479182,0.00019852006066188157,714115.6517243185
128264983.05280624,0.0002055035905475451,664446.6323860192
132777082.93554318,0.00021273278673766857,617970.712707916
137447909.26775396,0.00022021629127061003,574193.8972762307
142283045.7214355,0.0002279630501939695,533212.041050819
147288272.39075047,0.00023598232425901258,494893.95302087575
152469572.7017576,0.000244283699991302,459028.6632270127
157833140.56521198,0.00025287710115077134,425592.30024789413
163385387.78098637,0.0002617728005949407,394230.7472419846
169132951.70296505,0.0002709814325594565,365020.49932573654
175082703.1735727,0.0002805140053706347,337826.72249118856
181241754.73742396,0.0002903819146052059,312556.7655577254
187617469.14391235,0.0003005969567129935,289401.2425502618
194217468.14890283,0.00031117134311880914,268953.4031685368
201049641.6260501,0.000322117714820425,250179.24041665197
208122156.99863413,0.0003334491575000716,232893.89903012416
215443469.00318867,0.0003451792171675288,216799.561808354
223022329.79659408,0.0003573219163535071,201860.29433315332
230867799.4187172,0.0003698917708726803,187788.14815710371
238989256.62310526,0.00038290380717640674,174614.13496570633
247396410.08868167,0.000396373580315884,162224.73114200454
256099310.0258462,0.0004103171925372103,150684.44749968805
265108360.19085416,0.0004247513125305827,139785.56241683697
274434330.3228368,0.00043969319535664265,129527.24643609877
284088369.0183307,0.00045516070307378905,120090.7158865544
294082017.05870664,0.0004711723260911186,111271.92689485842
304427221.2064306,0.000487747205272519,103025.16504472391
315136348.48664826,0.0005049051548183381,95321.21281309538
326222200.9711673,0.0005226666859519849,88203.9632493034
337698031.08250946,0.0005410530314397749,81603.74507238124
349577557.4363279,0.0005600861709733358,75732.76161011714
361874981.2411284,0.0005797888574449111,70330.24559878842
374605003.27489966,0.0006001846441469787,65327.75906214317
387782841.4589461,0.0006212979129286943,60709.0632818913
401424249.0499326,0.0006431539033428209,56415.17665216328
415545533.47188795,0.0006657787428179894,52398.549611012815
430163575.8106799,0.0006891994778923551,48592.61717957184
445295850.994266,0.000713444106545993,45059.91645586169
460960448.68284386,0.0007385416116706787,41766.003862204714
477176094.89387506,0.0007645219957170687,38697.458813215904
493962174.3878326,0.0007914163165606975,35861.444384915085
511338753.8414331,0.0008192567246296672,33217.34354975946
529326605.83605665,0.0008480765013384132,30730.560326998555
547947233.6900293,0.0008779100988734911,28413.416980180547
567222897.1644549,0.0009087931813789463,26276.87174838832
587176639.0733261,0.0009407626675905016,24283.795354957798
607832312.8297236,0.0009738567749695265,22492.935373844703
629214610.961035,0.001008115065389551,20851.25878760307
651349094.627281,0.001043578492429937,19349.368719226535
674262224.1778349,0.0010802894503332435,17953.268178622635
697981390.7830667,0.001118291824684814,16648.591274502396
722534949.1787221,0.0011576310448751651,15423.066078834498
747952251.5621829,0.0011983541384078982,14294.887519028931
774263682.6811278,0.0012405097871180492,13240.483515342654
801500696.1565413,0.0012841483853680874,12257.052637249828
829695852.0834914,0.0013293221002911282,11343.32394033416
858882855.9546258,0.0013760849341533823,10487.885363154865
889096598.9529167,0.0014244927889103841,9689.920504279273
920373199.661823,0.0014746035330341796,8947.673921798056
952750047.24273,0.001526477070691357,8267.811561721093
986265846.131283,0.001580175413354619,7637.836814476523
1020960662.3060476,0.0016357627539335033,7067.501552040645
1056875971.184805,0.001693305543512871,6541.79129962432
1094054707.2057436,0.0017528725707908982,6059.8570199374035
1132541315.1528127,0.0018145350443115333,5608.957106473879
1172381803.2865996,0.0018783666775897241,5193.616567060873
1213623798.3442419,0.0019444437772311773,4805.145498007428
1256316602.4741216,0.002012845334151988,4438.913919860032
1300511252.17341,0.002083653118007194,4105.128209042888
1346260579.298911,0.0021569517749411293,3797.199358705091
1393619274.2241435,0.002232828928776438,3509.049079537605
1442643951.2181587,0.0023113752857627096,3241.6365422705267
1493393216.1242533,0.002392684743009956,2993.2117048364667
1545927736.4194784,0.00247685450073656,2761.3852151853107
1600310313.7387018,0.002563985178465873,2544.6796617289747
1656605958.9499152,0.002654180935310375,2345.9422488344685
1714881969.8705409,0.002747549594487183,2167.641465875048
1775208011.717636,0.0028442027722137622,2002.8661387416955
1837656200.3881724,0.002944256011137922,1849.8872900692065
1902301188.6689458,0.0030478289184616113,1709.8097327322525
1969220255.4791734,0.003155045308923622,1581.0140293829816
2038493398.252464,0.0032660333528121326,1461.1808284583726
2110203428.5685966,0.003380925729184034,1348.8538374161174
2184436071.1494284,0.003499859784474191,1246.4617526174072
2261280066.3372793,0.0036229776966842622,1150.4727665171772
2340827276.178294,0.003750426645347339,1060.2860283988675
2423172794.237601,0.003882358987471599,977.0165633650798
2508415059.277541,0.004018932439673291,900.5279195301455
2596655972.9348726,0.004160310266716794,829.0134231270553
2688001021.5376077,0.0043066614766871245,762.2661385119025
2782559402.2071257,0.0044581610230282126,700.701769154135
2880444153.396298,0.00461499001368848,645.5165157561182
2981772290.0196733,0.00477733592762372,594.7330608910594
3086664943.3372746,0.004945392838916114,548.6161552410887
3195247505.7592134,0.005119361648777296,506.44817590470126
3307649780.7442427,0.005299450325712811,466.7256318650521
3424006137.9714255,0.005485874154135058,430.3060550694112
3544455673.9704356,0.005678855991721952,396.9797239135
3669142378.402494,0.005878626535828908,365.6288619803252
3798215306.1907363,0.006085424599272674,336.2502447152223
3931828755.70577,0.0062994973958166705,309.134605465846
4070142453.219439,0.00652110083569912,283.98261324808107
4213321743.847289,0.006750499831557249,260.8112248224208
4361537789.208006,0.006987968615113283,239.7956842805917
4514967772.036102,0.007233791065000802,220.22826723644573
4673795107.992463,0.007488261046123364,202.63281818678325
4838209664.925957,0.007751682760951069,186.45863101702005
5008407989.848212,0.008024371113175008,171.52822918657205
5184593543.892913,0.008306652084154346,157.644990488539
5366976945.540476,0.00859886312260604,144.6930778336216
5555776222.398878,0.008901353548003034,132.9419225957359
5751217071.841614,0.009214484968163196,122.26408281843884
5953533130.81437,0.009538631711528167,112.31604808608203
6162966255.132942,0.009874181274648897,103.1425252725017
6379766808.606282,0.010221534785412814,94.73258098717824
6604193962.330305,0.010581107482566368,86.87708723613493
6836516004.510239,0.010953329212106214,79.56501361437726
7077010661.18189,0.0113386449411324,72.84371249851031
7325965428.21523,0.011737515289777877,66.7324247075231
7583677914.99719,0.012150417081850199,61.10494230294975
7850456200.20451,0.012577843914843661,56.03311685807629
8126619200.091946,0.013020306750003314,51.41605688345391
8412497049.736118,0.013478334523146214,47.119853497232654
8708431497.690723,0.013952474776970123,43.17417649009208
9014776314.524918,0.014443294315605532,39.56519904081483
9331897715.733238,0.014951379882193479,36.22668798085637
9660174799.522646,0.015477338860299193,33.17234244490125
10000000000.0,0.0160218,30.388004611278685
