Source_Name,M,q_m,L_j,Gamma_b,theta_rad,m_idx,n,n_2,s,q_rel,a,E_min_ele_erg,E_max_ele_erg,PH_Ei,PH_Ef,z0,Z_acc_cm,delta_z_cm,beta,v_b_cm_s,r_j_z0_cm,B_0_Gauss,B_prime_Gauss,t_ad_s,n_c_prime,Delta_V_vol,K_e_norm
SDSS J010852.48-003919.4,199000000.0,0.4,7.41e+42,3.0,0.3490658503988659,1.5,0.0001,0.01,2.0,0.05,0.01,8.0109e-05,0.320436,-5.0,10.0,1469615000000000.0,3674037500000000.0,385096292755233.0,0.9428090415820634,28265415066.63026,192548146377616.5,594.6029785647775,59.772427548897674,5.128856209121483e-06,237056.18406263113,4.48536608271976e+43,0.0010907893349982316
SDSS J011204.61-001442.4,199000000.0,0.4,1.02e+43,3.0,0.3490658503988659,1.5,0.0001,0.01,2.0,0.05,0.01,8.0109e-05,0.320436,-5.0,10.0,1469615000000000.0,3674037500000000.0,385096292755233.0,0.9428090415820634,28265415066.63026,192548146377616.5,697.6186176623534,70.12806828118244,5.128856209121483e-06,326312.15619957325,4.48536608271976e+43,0.0015014913923052581
SDSS J011515.78+001248.4,316000000.0,0.4,1.91e+43,3.0,0.3490658503988659,1.5,0.0001,0.01,2.0,0.05,0.01,8.0109e-05,0.320436,-5.0,10.0,2333660000000000.0,5834150000000000.0,611509691008309.6,0.9428090415820634,28265415066.63026,305754845504154.8,601.1746425448476,60.4330436629854,3.2298809671366305e-06,242325.11976588707,1.7959734547553593e+44,0.0007021890030142726
SDSS J015127.10-083019.3,100000000.0,0.4,4.68e+42,3.0,0.3490658503988659,1.5,0.0001,0.01,2.0,0.05,0.01,8.0109e-05,0.320436,-5.0,10.0,738500000000000.0,1846250000000000.0,193515725002629.62,0.9428090415820634,28265415066.63026,96757862501314.83,940.3596363512626,94.52959413251614,1.0206423856151752e-05,592904.9649514266,5.691656284909002e+42,0.005429098953219619
SDSS J020835.81-083754.8,316000000.0,0.4,9.77e+42,3.0,0.3490658503988659,1.5,0.0001,0.01,2.0,0.05,0.01,8.0109e-05,0.320436,-5.0,10.0,2333660000000000.0,5834150000000000.0,611509691008309.6,0.9428090415820634,28265415066.63026,305754845504154.8,429.96316594316437,43.22202059442366,3.2298809671366305e-06,123953.7392729171,1.7959734547553593e+44,0.00035918254237955196
SDSS J075354.98+130916.5,794000000.0,0.4,6.31e+42,3.0,0.3490658503988659,1.5,0.0001,0.01,2.0,0.05,0.01,8.0109e-05,0.320436,-5.0,10.0,5863690000000000.0,1.4659225e+16,1536514856520879.2,0.9428090415820634,28265415066.63026,768257428260439.6,137.51979934961494,13.824169302018237,1.2854438105984575e-06,12680.243354183855,2.8490506671765156e+45,1.4623447028166293e-05
SDSS J080716.58+145703.3,199000000.0,0.4,7.76e+42,3.0,0.3490658503988659,1.5,0.0001,0.01,2.0,0.05,0.01,8.0109e-05,0.320436,-5.0,10.0,1469615000000000.0,3674037500000000.0,385096292755233.0,0.9428090415820634,28265415066.63026,192548146377616.5,608.4835432951869,61.16777045768837,5.128856209121483e-06,248253.16981457733,4.48536608271976e+43,0.0011423110984596866
SDSS J083158.49+562052.3,199000000.0,0.4,6.61e+42,3.0,0.3490658503988659,1.5,0.0001,0.01,2.0,0.05,0.01,8.0109e-05,0.320436,-5.0,10.0,1469615000000000.0,3674037500000000.0,385096292755233.0,0.9428090415820634,28265415066.63026,192548146377616.5,561.589146890878,56.45371416706641,5.128856209121483e-06,211463.07377246852,4.48536608271976e+43,0.0009730253042291917
SDSS J083511.98+051829.2,316000000.0,0.4,7.41e+42,3.0,0.3490658503988659,1.5,0.0001,0.01,2.0,0.05,0.01,8.0109e-05,0.320436,-5.0,10.0,2333660000000000.0,5834150000000000.0,611509691008309.6,0.9428090415820634,28265415066.63026,305754845504154.8,374.44934409617315,37.64149709566658,3.2298809671366305e-06,94011.99672592791,1.7959734547553593e+44,0.0002724199221118198
SDSS J084102.73+595610.5,250999999.99999997,0.4,5.13e+42,3.0,0.3490658503988659,1.5,0.0001,0.01,2.0,0.05,0.01,8.0109e-05,0.320436,-5.0,10.0,1853634999999999.5,4634087499999999.0,485724469756600.25,0.9428090415820634,28265415066.63026,242862234878300.16,392.2437333962843,39.43027697663029,4.066304325160061e-06,103159.48282332307,9.000358943899351e+43,0.00037633802807035115
