E_nu_GeV,flux_pp,flux_pg
0.01,1.4105844201129923e-19,1.1368587681032248e-30
0.011492187010036998,1.6592709327377004e-19,1.4597561238169574e-30
0.01320703622736631,2.432975117059441e-19,1.953745533660115e-30
0.015177773017322715,2.8613823002589384e-19,2.968812881188398e-30
0.017442580591096615,4.172500484591995e-19,3.784244317533435e-30
0.020045339809052397,4.931050272062135e-19,4.824355947180661e-30
0.023036479376536946,7.116596869039993e-19,6.1545960831876974e-30
0.026473952904802298,9.002828785901018e-19,7.870177027043441e-30
0.03042436176769002,1.2074465585209196e-18,1.0195885569903222e-29
0.03496424550953135,1.6269711960544837e-18,1.587995298849229e-29
0.04018156480603806,2.0365422164849995e-18,2.0211684973479917e-29
0.04617740571069104,2.8713066369399517e-18,2.5728854509408676e-29
0.05306793820656118,3.611942592341404e-18,3.27767064498077e-29
0.06098666701068885,4.843045763646576e-18,4.186103847343219e-29
0.070087018240569,6.2636500543599764e-18,5.437003425304963e-29
0.08054531205964931,8.485628595156202e-18,8.347624837107753e-29
0.09256417889712781,1.1150719227815116e-17,1.0609595337593795e-28
0.1063764854316313,1.4259528970519026e-17,1.3489209753225322e-28
0.12224984640507831,1.9438061841138853e-17,1.7172711975809518e-28
0.1404918096835459,2.5544507100802954e-17,2.198879897103799e-28
0.16145581502618364,3.236432481454193e-17,3.3453915352569295e-28
0.1855480420138844,4.34093833784267e-17,4.31242499728464e-28
0.21323527981697613,5.837192750729117e-17,5.473907412085573e-28
0.24505397127942574,7.053705877929846e-17,6.956558307531774e-28
0.28162060654953963,8.617322391133231e-17,8.884025832382481e-28
0.32364366763473595,1.146869461508877e-16,1.2846520831715517e-27
0.3719373553072644,1.4547141933658629e-16,1.727622297476891e-27
0.4274373643209657,1.6812334671456442e-16,2.1900180638185523e-27
0.49121901258538536,2.1731129618181346e-16,2.7805213399298055e-27
0.5645180755516966,2.821248230095547e-16,3.560198982814531e-27
0.6487547294786292,3.622407575531515e-16,5.3904193396257096e-27
0.7455610674814369,4.1017597740590253e-16,6.822304924647096e-27
0.8568127214899486,4.450106888695454e-16,8.64017242993328e-27
0.9846652027941236,5.270369734481468e-16,1.0982801991646149e-26
1.1315956652786068,5.616732900193287e-16,1.49487989646583e-26
1.300450900512898,5.93856975751015e-16,2.100879257268194e-26
1.494502494606524,6.202976009573275e-16,2.656380155124432e-26
1.7175102154984982,5.81219916650819e-16,3.367950048539568e-26
1.9737948588157688,5.764993538495179e-16,4.435351853735926e-26
2.268321963696039,6.157978527479167e-16,6.395631772639589e-26
2.606798020576923,5.968530639745598e-16,8.075768964623652e-26
2.995781034986427,5.873089781895804e-16,1.0231058096475522e-25
3.442807589518621,5.986150181104811e-16,1.409050818343642e-25
3.9565388658322687,5.729299961212346e-16,1.9246515499653838e-25
4.546928455862411,5.74508839056449e-16,2.428137878164633e-25
5.225415213602958,6.221662851920746e-16,3.0850577758696635e-25
6.005144883981762,6.324508264909653e-16,4.549859787648619e-25
6.901224802908534,6.344441783397026e-16,5.726737639586412e-25
7.93101660333306,5.803790628743913e-16,7.229367507537086e-25
9.114472598521195,6.067574258093822e-16,9.781077287440562e-25
10.474522360006342,5.774435138748976e-16,1.3399195497020463e-24
12.037516980200696,5.396927195104871e-16,1.6868100907487077e-24
13.833739627296223,4.938970329439544e-16,2.1707160512204483e-24
15.89799228450477,3.891768022816922e-16,3.108403445216126e-24
18.270270041765396,3.5208096385810147e-16,3.906334980999891e-24
20.99653600438444,3.467614232529794e-16,5.0005626756494965e-24
24.129611832536096,3.333467510411639e-16,7.14964742766078e-24
27.730201165910636,3.269317125943971e-16,8.974458921993679e-24
31.868065762459103,3.140470590970004e-16,1.1642728708652779e-23
36.62337713903373,3.435936184811492e-16,1.6303996398815452e-23
42.08826990208893,3.466906445152617e-16,2.0465037099715268e-23
48.36862686437176,3.8894125548971655e-16,2.949373199739992e-23
55.58613053440597,4.1418802303364847e-16,3.6869486402763803e-23
63.88062072657212,4.3987723651000093e-16,4.650247937129744e-23
73.41280397070123,4.659812173054046e-16,6.61716779842591e-23
84.36736721624852,4.686954719866567e-16,8.272795271136643e-23
96.95655615935925,5.193196544935143e-16,1.180177522910398e-22
111.42428752325098,5.464282243638449e-16,1.4702759417226448e-22
128.05087496773325,5.740715914529989e-16,1.866779257699003e-22
147.1584601928056,6.039315088020942e-16,2.594997305481326e-22
169.11725446448068,6.359000177570819e-16,3.246060278215348e-22
194.35271149298265,6.365931637469426e-16,4.537865927338161e-22
223.35377063851234,7.00842150435288e-16,5.641357221750699e-22
256.68233015746944,7.37942580848976e-16,7.842897909586576e-22
294.9841340341698,7.76044981526115e-16,9.704804084120358e-22
339.0012833314499,8.138228057575915e-16,1.3357389082558373e-21
389.586614468756,8.51082880488991e-16,1.6460100231841742e-21
447.720223008213,8.876114849732874e-16,2.2337325639768374e-21
514.5284530985853,9.230103744588973e-16,2.7447744836107134e-21
591.3057204993993,9.571496531335058e-16,3.656770316255275e-21
679.5395920083764,9.901469884464525e-16,4.5333199304437906e-21
780.9396072084504,1.0217585928879089e-15,5.852857622379484e-21
897.4704009584349,1.050587462421914e-15,7.612550376838977e-21
1031.3897683787222,1.076704139545159e-15,9.162350577168405e-21
1185.2924098447018,1.1007370601244702e-15,1.1677668124011135e-20
1362.160203551273,1.1225873529506984e-15,1.450549560696224e-20
1565.4199796841294,1.1420124558120835e-15,1.7483794068945288e-20
1799.0099155778332,1.1110329217898517e-15,2.157974178038846e-20
2067.455838273133,1.1732301756583939e-15,2.6287847637178655e-20
2375.958912842765,1.1383139662788978e-15,3.0923327448700276e-20
2730.4964154553254,1.1972544371680515e-15,3.700464205724288e-20
3137.9375436648274,1.2076141272671896e-15,4.387986839177786e-20
3606.176507761233,1.2172195324759425e-15,5.1621875187145846e-20
4144.285481839423,1.226374927226183e-15,6.004264725581773e-20
4762.690378027994,1.2352639760696123e-15,7.00208554971023e-20
5473.37284952015,1.243939077599422e-15,8.134786799211949e-20
6290.102436234466,1.2075463831061094e-15,9.421809294336512e-20
7228.70335094958,1.2607365975247837e-15,1.0885997543833843e-19
8307.361074919369,1.268610279459547e-15,1.255411965857702e-19
9546.974703287535,1.2760221152078254e-15,1.4457630849389512e-19
10971.561867027283,1.2829732597567932e-15,1.66292434975489e-19
12608.724076806822,1.2470484253304675e-15,1.9104969556737394e-19
14490.181504862008,1.295614350063934e-15,2.1927137152004708e-19
16652.387566325353,1.2592231811819507e-15,2.514323677093265e-19
19137.235207582584,1.3051388711977494e-15,2.880512053103269e-19
21992.868586060325,1.2682234725297869e-15,3.2966063127719505e-19
25274.615867817323,1.310928632659505e-15,3.770036283040913e-19
29046.061215980462,1.3121175821212785e-15,4.306884123667759e-19
33380.276739903005,1.3120522701560466e-15,4.9164027904422e-19
38361.238274175346,1.3105904160595305e-15,5.606885909086511e-19
44085.45241834121,1.3076461525497627e-15,6.386967489502334e-19
50663.8263613665,1.3030684207863288e-15,7.26789921682147e-19
58223.8167188866,1.2968466039228374e-15,8.259818569202814e-19
66911.89901715636,1.2548377235275522e-15,9.374843259585653e-19
76896.40567018716,1.2797179392410377e-15,1.0622484359857356e-18
88370.78743614603,1.236738442415164e-15,1.2017578532374658e-18
101557.3615440418,1.2254673312885308e-15,1.356505552756324e-18
116711.61911100682,1.242777523681703e-15,1.5283698233722213e-18
134127.17530678984,1.1978116830194283e-15,1.716888853996602e-18
154141.45817536453,1.209285162275739e-15,1.9241186210889586e-18
177142.24633510853,1.1896159511483286e-15,2.149005529676379e-18
203575.18222611083,1.1680004718527704e-15,2.3920192594146303e-18
233952.40647448256,1.1442864401596867e-15,2.6526661341779713e-18
268862.4806652944,1.094438487271388e-15,2.9310948138866677e-18
308981.79077880195,1.0895177651059922e-15,3.2242766335281456e-18
355087.6522326117,1.0584799669465452e-15,3.530700615834123e-18
408073.3704412155,1.025031782923884e-15,3.848399895578686e-18
468965.5486926553,9.889684249133662e-16,4.173361429205831e-18
538943.9786840606,9.500747296222786e-16,4.502000999433024e-18
619364.4990970618,9.084516215232313e-16,4.828487097803374e-18
711785.2651001326,8.64018138386867e-16,5.146491507796174e-18
817996.9377519484,8.169867652376874e-16,5.448375900303519e-18
940057.3782282984,7.674539963821136e-16,5.724732775624472e-18
1080331.5190764666,7.155036407795221e-16,5.964488134605182e-18
1241537.1850064106,6.615527587911398e-16,6.1569300808807214e-18
1426797.7510008572,5.966234390644662e-16,6.288268983068567e-18
1639702.6580002054,5.490339265378475e-16,6.345066343105454e-18
1884376.9586593097,4.915432019842261e-16,6.314279575313955e-18
2165561.2406317545,4.3383790781220304e-16,6.184749550207624e-18
2488703.475902785,3.774167274758488e-16,5.949488475528026e-18
2860064.5757603915,3.1916257947701246e-16,5.607276030054998e-18
3286839.6965420544,2.714286334763733e-16,5.1650288123562946e-18
3777297.6464674547,2.2314670237137725e-16,4.638518276637641e-18
4340941.094577661,1.7902632394842735e-16,4.0518386818833756e-18
4988690.685844118,1.39760237412778e-16,3.4349296334980215e-18
5733096.629695033,1.0596579783104043e-16,2.8193355151583865e-18
6588581.861506815,7.69951680066428e-17,2.2336894739241693e-18
7571721.488337399,5.459297053045374e-17,1.7007057529281983e-18
8701563.933188906,3.6687027829161325e-17,1.2364454597201424e-18
10000000.0,2.3337583771674894e-17,8.50937443704929e-19
