Source_Name,M,redshift,distance_cm,q_m,L_j,Gamma_b,theta_rad,m_idx,n,n_2,s,q_rel,a,E_min_ele_erg,E_max_ele_erg,PH_Ei,PH_Ef,z0,Z_acc_cm,delta_z_cm,beta,v_b_cm_s,r_j_z0_cm,B_0_Gauss,B_prime_Gauss,t_ad_s,n_c_prime,Delta_V_vol,K_e_norm
SDSS J010852.48-003919.4,199000000.0,0.045,6.1508875689227796e+26,0.4,7.41e+42,3.0,0.3490658503988659,1.5,0.0001,0.01,2.0,0.05,40.0,8.0109e-05,0.320436,-5.0,10.0,1469615000000000.0,3674037500000000.0,385096292755233.0,0.9428090415820634,28265415066.63026,192548146377616.5,594.6029785647775,59.772427548897674,5.128856209121483e-06,237056.18406263113,4.48536608271976e+43,2.6870664106054e-05
SDSS J011204.61-001442.4,199000000.0,0.044,6.00983608848556e+26,0.4,1.02e+43,3.0,0.3490658503988659,1.5,0.0001,0.01,2.0,0.05,40.0,8.0109e-05,0.320436,-5.0,10.0,1469615000000000.0,3674037500000000.0,385096292755233.0,0.9428090415820634,28265415066.63026,192548146377616.5,697.6186176623534,70.12806828118244,5.128856209121483e-06,326312.15619957325,4.48536608271976e+43,3.698795868849539e-05
SDSS J011515.78+001248.4,316000000.0,0.045,6.1508875689227796e+26,0.4,1.91e+43,3.0,0.3490658503988659,1.5,0.0001,0.01,2.0,0.05,40.0,8.0109e-05,0.320436,-5.0,10.0,2333660000000000.0,5834150000000000.0,611509691008309.6,0.9428090415820634,28265415066.63026,305754845504154.8,601.1746425448476,60.4330436629854,3.2298809671366305e-06,242325.11976588707,1.7959734547553593e+44,1.7297826659619888e-05
SDSS J015127.10-083019.3,100000000.0,0.018,2.4116857914281425e+26,0.4,4.68e+42,3.0,0.3490658503988659,1.5,0.0001,0.01,2.0,0.05,40.0,8.0109e-05,0.320436,-5.0,10.0,738500000000000.0,1846250000000000.0,193515725002629.62,0.9428090415820634,28265415066.63026,96757862501314.83,940.3596363512626,94.52959413251614,1.0206423856151752e-05,592904.9649514266,5.691656284909002e+42,0.00013374121811589795
SDSS J020835.81-083754.8,316000000.0,0.034,4.610099518635216e+26,0.4,9.77e+42,3.0,0.3490658503988659,1.5,0.0001,0.01,2.0,0.05,40.0,8.0109e-05,0.320436,-5.0,10.0,2333660000000000.0,5834150000000000.0,611509691008309.6,0.9428090415820634,28265415066.63026,305754845504154.8,429.96316594316437,43.22202059442366,3.2298809671366305e-06,123953.7392729171,1.7959734547553593e+44,8.848155312276768e-06
SDSS J075354.98+130916.5,794000000.0,0.048,6.57521179567969e+26,0.4,6.31e+42,3.0,0.3490658503988659,1.5,0.0001,0.01,2.0,0.05,40.0,8.0109e-05,0.320436,-5.0,10.0,5863690000000000.0,1.4659225e+16,1536514856520879.2,0.9428090415820634,28265415066.63026,768257428260439.6,137.51979934961494,13.824169302018237,1.2854438105984575e-06,12680.243354183855,2.8490506671765156e+45,3.6023613410848677e-07
SDSS J080716.58+145703.3,199000000.0,0.029,3.9176231032421345e+26,0.4,7.76e+42,3.0,0.3490658503988659,1.5,0.0001,0.01,2.0,0.05,40.0,8.0109e-05,0.320436,-5.0,10.0,1469615000000000.0,3674037500000000.0,385096292755233.0,0.9428090415820634,28265415066.63026,192548146377616.5,608.4835432951869,61.16777045768837,5.128856209121483e-06,248253.16981457733,4.48536608271976e+43,2.8139858766933747e-05
SDSS J083158.49+562052.3,199000000.0,0.045,6.1508875689227796e+26,0.4,6.61e+42,3.0,0.3490658503988659,1.5,0.0001,0.01,2.0,0.05,40.0,8.0109e-05,0.320436,-5.0,10.0,1469615000000000.0,3674037500000000.0,385096292755233.0,0.9428090415820634,28265415066.63026,192548146377616.5,561.589146890878,56.45371416706641,5.128856209121483e-06,211463.07377246852,4.48536608271976e+43,2.3969647738328873e-05
SDSS J083511.98+051829.2,316000000.0,0.046,6.292134156850388e+26,0.4,7.41e+42,3.0,0.3490658503988659,1.5,0.0001,0.01,2.0,0.05,40.0,8.0109e-05,0.320436,-5.0,10.0,2333660000000000.0,5834150000000000.0,611509691008309.6,0.9428090415820634,28265415066.63026,305754845504154.8,374.44934409617315,37.64149709566658,3.2298809671366305e-06,94011.99672592791,1.7959734547553593e+44,6.710832227632636e-06
SDSS J084102.73+595610.5,250999999.99999997,0.038,5.1676365053407136e+26,0.4,5.13e+42,3.0,0.3490658503988659,1.5,0.0001,0.01,2.0,0.05,40.0,8.0109e-05,0.320436,-5.0,10.0,1853634999999999.5,4634087499999999.0,485724469756600.25,0.9428090415820634,28265415066.63026,242862234878300.16,392.2437333962843,39.43027697663029,4.066304325160061e-06,103159.48282332307,9.000358943899351e+43,9.270766057342799e-06
SDSS J084701.88+100106.6,316000000.0,0.048,6.57521179567969e+26,0.4,1.38e+43,3.0,0.3490658503988659,1.5,0.0001,0.01,2.0,0.05,40.0,8.0109e-05,0.320436,-5.0,10.0,2333660000000000.0,5834150000000000.0,611509691008309.6,0.9428090415820634,28265415066.63026,305754845504154.8,511.0030748351239,51.3685524105037,3.2298809671366305e-06,175083.07082561473,1.7959734547553593e+44,1.2497906172919078e-05
SDSS J090652.79+412429.7,100000000.0,0.027,3.6420209061122114e+26,0.4,1.07e+43,3.0,0.3490658503988659,1.5,0.0001,0.01,2.0,0.05,40.0,8.0109e-05,0.320436,-5.0,10.0,738500000000000.0,1846250000000000.0,193515725002629.62,0.9428090415820634,28265415066.63026,96757862501314.83,1421.879987359478,142.93439755854337,1.0206423856151752e-05,1355573.3173034755,5.691656284909002e+42,0.000305775861931647
SDSS J090734.91+325722.9,50100000.0,0.049,6.717042417001975e+26,0.4,2.29e+43,3.0,0.3490658503988659,1.5,0.0001,0.01,2.0,0.05,40.0,8.0109e-05,0.320436,-5.0,10.0,369988500000000.0,924971250000000.0,96951378226317.45,0.9428090415820634,28265415066.63026,48475689113158.73,4151.939992924365,417.3735103269516,2.037210350529292e-05,11558441.110671222,7.157343210033908e+41,0.005204053181841866
SDSS J090937.44+192808.2,250999999.99999997,0.028,3.779722619605222e+26,0.4,1.35e+43,3.0,0.3490658503988659,1.5,0.0001,0.01,2.0,0.05,40.0,8.0109e-05,0.320436,-5.0,10.0,1853634999999999.5,4634087499999999.0,485724469756600.25,0.9428090415820634,28265415066.63026,242862234878300.16,636.303358611812,63.96435566728553,4.066304325160061e-06,271472.3232192713,9.000358943899351e+43,2.439675278248105e-05
SDSS J091039.92+184147.6,126000000.0,0.028,3.779722619605222e+26,0.4,1.1e+43,3.0,0.3490658503988659,1.5,0.0001,0.01,2.0,0.05,40.0,8.0109e-05,0.320436,-5.0,10.0,930510000000000.0,2326275000000000.0,243829813503313.34,0.9428090415820634,28265415066.63026,121914906751656.67,1144.1865815808312,115.01928516241107,8.100336393771232e-06,877790.4042743783,1.1385452632581128e+43,0.0001571449652160776
SDSS J091601.78+173523.3,199000000.0,0.029,3.9176231032421345e+26,0.4,7.08e+42,3.0,0.3490658503988659,1.5,0.0001,0.01,2.0,0.05,40.0,8.0109e-05,0.320436,-5.0,10.0,1469615000000000.0,3674037500000000.0,385096292755233.0,0.9428090415820634,28265415066.63026,192548146377616.5,581.2120439912243,58.426304681263005,5.128856209121483e-06,226499.0260679391,4.48536608271976e+43,2.5673994854367387e-05
SDSS J091754.25+133145.5,100000000.0,0.05,6.859067286657445e+26,0.4,1.45e+43,3.0,0.3490658503988659,1.5,0.0001,0.01,2.0,0.05,40.0,8.0109e-05,0.320436,-5.0,10.0,738500000000000.0,1846250000000000.0,193515725002629.62,0.9428090415820634,28265415066.63026,96757862501314.83,1655.2174413888822,166.39063065559534,1.0206423856151752e-05,1836991.8785888217,5.691656284909002e+42,0.00041436915869241884
SDSS J093003.56+341325.3,250999999.99999997,0.042,5.7283193099784924e+26,0.4,1.45e+43,3.0,0.3490658503988659,1.5,0.0001,0.01,2.0,0.05,40.0,8.0109e-05,0.320436,-5.0,10.0,1853634999999999.5,4634087499999999.0,485724469756600.25,0.9428090415820634,28265415066.63026,242862234878300.16,659.4491798362083,66.29108791059575,4.066304325160061e-06,291581.3841984766,9.000358943899351e+43,2.6203919655257424e-05
SDSS J093346.08+100909.0,158000000.0,0.011,1.4660026046989793e+26,0.4,3.31e+42,3.0,0.3490658503988659,1.5,0.0001,0.01,2.0,0.05,40.0,8.0109e-05,0.320436,-5.0,10.0,1166830000000000.0,2917075000000000.0,305754845504154.8,0.9428090415820634,28265415066.63026,152877422752077.4,500.5275221971572,50.31549813116105,6.459761934273261e-06,167978.25056022746,2.244966818444199e+43,2.3981489526007048e-05
SDSS J093938.62+385358.6,126000000.0,0.046,6.292134156850388e+26,0.4,5.25e+42,3.0,0.3490658503988659,1.5,0.0001,0.01,2.0,0.05,40.0,8.0109e-05,0.320436,-5.0,10.0,930510000000000.0,2326275000000000.0,243829813503313.34,0.9428090415820634,28265415066.63026,121914906751656.67,790.4604757363985,79.46099030695284,8.100336393771232e-06,418945.4202218623,1.1385452632581128e+43,7.500100612585523e-05
SDSS J094319.15+361452.1,79400000.0,0.022,2.95650145125038e+26,0.4,1.02e+43,3.0,0.3490658503988659,1.5,0.0001,0.01,2.0,0.05,40.0,8.0109e-05,0.320436,-5.0,10.0,586369000000000.0,1465922500000000.0,153651485652087.94,0.9428090415820634,28265415066.63026,76825742826043.97,1748.439608498845,175.7617832236184,1.2854438105984575e-05,2049738.2284100682,2.849050667176516e+42,0.0005823151454685523
SDSS J100549.83+003800.0,631000000.0,0.021,2.819996895588999e+26,0.4,4.47e+42,3.0,0.3490658503988659,1.5,0.0001,0.01,2.0,0.05,40.0,8.0109e-05,0.320436,-5.0,10.0,4659935000000000.0,1.16498375e+16,1221084224766593.0,0.9428090415820634,28265415066.63026,610542112383296.5,145.64495817174006,14.640950388771321,1.617499818724525e-06,14222.896139643448,1.429969397133117e+45,5.084390127457953e-07
SDSS J101329.65+075415.6,501000000.0,0.046,6.292134156850388e+26,0.4,6.17e+42,3.0,0.3490658503988659,1.5,0.0001,0.01,2.0,0.05,40.0,8.0109e-05,0.320436,-5.0,10.0,3699885000000000.0,9249712500000000.0,969513782263174.5,0.9428090415820634,28265415066.63026,484756891131587.25,215.51420909689537,21.664552505430798,2.0372103505292916e-06,31142.175394253907,7.157343210033907e+44,1.4021400930988786e-06
SDSS J101806.67+000559.7,50100000.0,0.048,6.57521179567969e+26,0.4,9.77e+42,3.0,0.3490658503988659,1.5,0.0001,0.01,2.0,0.05,40.0,8.0109e-05,0.320436,-5.0,10.0,369988500000000.0,924971250000000.0,96951378226317.45,0.9428090415820634,28265415066.63026,48475689113158.73,2711.943322116566,272.6179342881812,2.037210350529292e-05,4931265.050273268,7.157343210033908e+41,0.0022202445234320977
SDSS J102403.28+420629.8,158000000.0,0.044,6.00983608848556e+26,0.4,4.79e+42,3.0,0.3490658503988659,1.5,0.0001,0.01,2.0,0.05,40.0,8.0109e-05,0.320436,-5.0,10.0,1166830000000000.0,2917075000000000.0,305754845504154.8,0.9428090415820634,28265415066.63026,152877422752077.4,602.1181555123393,60.52789024553526,6.459761934273261e-06,243086.35050860714,2.244966818444199e+43,3.4704330764221675e-05
SDSS J102511.50+171519.9,794000000.0,0.045,6.1508875689227796e+26,0.4,7.08e+42,3.0,0.3490658503988659,1.5,0.0001,0.01,2.0,0.05,40.0,8.0109e-05,0.320436,-5.0,10.0,5863690000000000.0,1.4659225e+16,1536514856520879.2,0.9428090415820634,28265415066.63026,768257428260439.6,145.66901354440003,14.643368553616295,1.2854438105984575e-06,14227.59476190518,2.8490506671765156e+45,4.041952186193481e-07
SDSS J102544.22+102230.4,316000000.0,0.046,6.292134156850388e+26,0.4,2.88e+43,3.0,0.3490658503988659,1.5,0.0001,0.01,2.0,0.05,40.0,8.0109e-05,0.320436,-5.0,10.0,2333660000000000.0,5834150000000000.0,611509691008309.6,0.9428090415820634,28265415066.63026,305754845504154.8,738.2104931217307,74.20856404463441,3.2298809671366305e-06,365390.75650563074,1.7959734547553593e+44,2.608258679565721e-05
SDSS J103719.33+433515.3,250999999.99999997,0.025,3.367214653456353e+26,0.4,1.82e+43,3.0,0.3490658503988659,1.5,0.0001,0.01,2.0,0.05,40.0,8.0109e-05,0.320436,-5.0,10.0,1853634999999999.5,4634087499999999.0,485724469756600.25,0.9428090415820634,28265415066.63026,242862234878300.16,738.8104426906525,74.2688739378474,4.066304325160061e-06,365984.90982153616,9.000358943899351e+43,3.2890437084530006e-05
SDSS J103952.47+205049.3,126000000.0,0.046,6.292134156850388e+26,0.4,5.62e+42,3.0,0.3490658503988659,1.5,0.0001,0.01,2.0,0.05,40.0,8.0109e-05,0.320436,-5.0,10.0,930510000000000.0,2326275000000000.0,243829813503313.34,0.9428090415820634,28265415066.63026,121914906751656.67,817.8405982774677,82.21337542755262,8.100336393771232e-06,448471.097456546,1.1385452632581128e+43,8.02867913194869e-05
SDSS J104028.37+091057.1,199000000.0,0.019,2.547588849351196e+26,0.4,7.94e+42,3.0,0.3490658503988659,1.5,0.0001,0.01,2.0,0.05,40.0,8.0109e-05,0.320436,-5.0,10.0,1469615000000000.0,3674037500000000.0,385096292755233.0,0.9428090415820634,28265415066.63026,192548146377616.5,615.5002414368932,61.873123603277996,5.128856209121483e-06,254011.61962986388,4.48536608271976e+43,2.87925874496719e-05
SDSS J104403.68+435412.0,158000000.0,0.025,3.367214653456353e+26,0.4,6.92e+42,3.0,0.3490658503988659,1.5,0.0001,0.01,2.0,0.05,40.0,8.0109e-05,0.320436,-5.0,10.0,1166830000000000.0,2917075000000000.0,305754845504154.8,0.9428090415820634,28265415066.63026,152877422752077.4,723.7140651713062,72.7513115238414,6.459761934273261e-06,351181.11597485613,2.244966818444199e+43,5.0136527951652186e-05
SDSS J104811.90+045954.8,126000000.0,0.034,4.610099518635216e+26,0.4,1.41e+43,3.0,0.3490658503988659,1.5,0.0001,0.01,2.0,0.05,40.0,8.0109e-05,0.320436,-5.0,10.0,930510000000000.0,2326275000000000.0,243829813503313.34,0.9428090415820634,28265415066.63026,121914906751656.67,1295.418407729254,130.2218551080968,8.100336393771232e-06,1125167.7000244302,1.1385452632581128e+43,0.000201431273595154
SDSS J104852.92+480314.8,126000000.0,0.041,5.587854442020176e+26,0.4,9.55e+42,3.0,0.3490658503988659,1.5,0.0001,0.01,2.0,0.05,40.0,8.0109e-05,0.320436,-5.0,10.0,930510000000000.0,2326275000000000.0,243829813503313.34,0.9428090415820634,28265415066.63026,121914906751656.67,1066.1104332459674,107.17068519255031,8.100336393771232e-06,762081.6691654829,1.1385452632581128e+43,0.00013643040161941285
SDSS J105731.16+405646.1,501000000.0,0.025,3.367214653456353e+26,0.4,8.71e+42,3.0,0.3490658503988659,1.5,0.0001,0.01,2.0,0.05,40.0,8.0109e-05,0.320436,-5.0,10.0,3699885000000000.0,9249712500000000.0,969513782263174.5,0.9428090415820634,28265415066.63026,484756891131587.25,256.0603910833259,25.74045493534826,2.0372103505292916e-06,43962.45505412506,7.157343210033907e+44,1.9793582189450947e-06
SDSS J111113.18+284147.0,199000000.0,0.029,3.9176231032421345e+26,0.4,1e+43,3.0,0.3490658503988659,1.5,0.0001,0.01,2.0,0.05,40.0,8.0109e-05,0.320436,-5.0,10.0,1469615000000000.0,3674037500000000.0,385096292755233.0,0.9428090415820634,28265415066.63026,192548146377616.5,690.745360213163,69.43713450231321,5.128856209121483e-06,319913.8786270326,4.48536608271976e+43,3.6262704596564104e-05
SDSS J111622.70+291508.2,501000000.0,0.045,6.1508875689227796e+26,0.4,2.69e+43,3.0,0.3490658503988659,1.5,0.0001,0.01,2.0,0.05,40.0,8.0109e-05,0.320436,-5.0,10.0,3699885000000000.0,9249712500000000.0,969513782263174.5,0.9428090415820634,28265415066.63026,484756891131587.25,449.99684300703575,45.235904738981155,2.0372103505292916e-06,135773.8278939109,7.157343210033907e+44,6.1130581044343335e-06
SDSS J111700.10+323550.9,158000000.0,0.035,4.749188090929166e+26,0.4,7.24e+42,3.0,0.3490658503988659,1.5,0.0001,0.01,2.0,0.05,40.0,8.0109e-05,0.320436,-5.0,10.0,1166830000000000.0,2917075000000000.0,305754845504154.8,0.9428090415820634,28265415066.63026,152877422752077.4,740.25823767438,74.41441343880886,6.459761934273261e-06,367420.7051528842,2.244966818444199e+43,5.245498011126617e-05
SDSS J112029.23+040742.1,250999999.99999997,0.05,6.859067286657445e+26,0.4,6.76e+42,3.0,0.3490658503988659,1.5,0.0001,0.01,2.0,0.05,40.0,8.0109e-05,0.320436,-5.0,10.0,1853634999999999.5,4634087499999999.0,485724469756600.25,0.9428090415820634,28265415066.63026,242862234878300.16,450.26758117412345,45.263120676439165,4.066304325160061e-06,135937.2522194277,9.000358943899351e+43,1.221644805996829e-05
SDSS J112256.47+340641.3,501000000.0,0.043,5.868979930496354e+26,0.4,9.33e+42,3.0,0.3490658503988659,1.5,0.0001,0.01,2.0,0.05,40.0,8.0109e-05,0.320436,-5.0,10.0,3699885000000000.0,9249712500000000.0,969513782263174.5,0.9428090415820634,28265415066.63026,484756891131587.25,265.01725347656657,26.6408429720138,2.0372103505292916e-06,47091.81465614084,7.157343210033907e+44,2.120253981946927e-06
SDSS J112625.19+520503.5,79400000.0,0.0,0.0,0.4,7.24e+42,3.0,0.3490658503988659,1.5,0.0001,0.01,2.0,0.05,40.0,8.0109e-05,0.320436,-5.0,10.0,586369000000000.0,1465922500000000.0,153651485652087.94,0.9428090415820634,28265415066.63026,76825742826043.97,1473.0579540623683,148.07905948780603,1.2854438105984575e-05,1454912.2327145974,2.849050667176516e+42,0.00041332957384238413
SDSS J112727.52+400409.4,39800000.0,0.035,4.749188090929166e+26,0.4,6.17e+42,3.0,0.3490658503988659,1.5,0.0001,0.01,2.0,0.05,40.0,8.0109e-05,0.320436,-5.0,10.0,293923000000000.0,734807500000000.0,77019258551046.6,0.9428090415820634,28265415066.63026,38509629275523.3,2712.8798682800143,272.7120805331866,2.5644281045607417e-05,4934671.5778219765,3.5882928661758075e+41,0.0027967610920100064
SDSS J113449.29+490439.4,631000000.0,0.033,4.471208421843482e+26,0.4,1.02e+43,3.0,0.3490658503988659,1.5,0.0001,0.01,2.0,0.05,40.0,8.0109e-05,0.320436,-5.0,10.0,4659935000000000.0,1.16498375e+16,1221084224766593.0,0.9428090415820634,28265415066.63026,610542112383296.5,220.00967498384833,22.116458934952934,1.617499818724525e-06,32454.930788448142,1.429969397133117e+45,1.1601964049232913e-06
SDSS J113637.14+510008.5,199000000.0,0.05,6.859067286657445e+26,0.4,7.59e+42,3.0,0.3490658503988659,1.5,0.0001,0.01,2.0,0.05,40.0,8.0109e-05,0.320436,-5.0,10.0,1469615000000000.0,3674037500000000.0,385096292755233.0,0.9428090415820634,28265415066.63026,192548146377616.5,601.7815441386629,60.494052408069706,5.128856209121483e-06,242814.63387791775,4.48536608271976e+43,2.7523392788792154e-05
SDSS J114230.94-021505.3,199000000.0,0.047,6.433575637377283e+26,0.4,6.92e+42,3.0,0.3490658503988659,1.5,0.0001,0.01,2.0,0.05,40.0,8.0109e-05,0.320436,-5.0,10.0,1469615000000000.0,3674037500000000.0,385096292755233.0,0.9428090415820634,28265415066.63026,192548146377616.5,574.607147221439,57.762347843049945,5.128856209121483e-06,221380.40400990655,4.48536608271976e+43,2.509379158082236e-05
SDSS J114232.84+262919.9,1000000000.0,0.03,4.055722141113538e+26,0.4,1.07e+43,3.0,0.3490658503988659,1.5,0.0001,0.01,2.0,0.05,40.0,8.0109e-05,0.320436,-5.0,10.0,7385000000000000.0,1.84625e+16,1935157250026296.2,0.9428090415820634,28265415066.63026,967578625013148.2,142.1879987359478,14.293439755854337,1.0206423856151752e-06,13555.733173034756,5.691656284909002e+45,3.05775861931647e-07
SDSS J114804.60+372638.0,501000000.0,0.042,5.7283193099784924e+26,0.4,1.32e+43,3.0,0.3490658503988659,1.5,0.0001,0.01,2.0,0.05,40.0,8.0109e-05,0.320436,-5.0,10.0,3699885000000000.0,9249712500000000.0,969513782263174.5,0.9428090415820634,28265415066.63026,484756891131587.25,315.22473808999933,31.687947249413362,2.0372103505292916e-06,66625.07539775553,7.157343210033907e+44,2.9997162445551377e-06
SDSS J115531.39+545200.4,250999999.99999997,0.05,6.859067286657445e+26,0.4,1.78e+43,3.0,0.3490658503988659,1.5,0.0001,0.01,2.0,0.05,40.0,8.0109e-05,0.320436,-5.0,10.0,1853634999999999.5,4634087499999999.0,485724469756600.25,0.9428090415820634,28265415066.63026,242862234878300.16,730.6465408023004,73.4481982067643,4.066304325160061e-06,357941.285429854,9.000358943899351e+43,3.216757033541946e-05
SDSS J120551.46+203119.0,100000000.0,0.024,3.2301105463705625e+26,0.4,1.32e+43,3.0,0.3490658503988659,1.5,0.0001,0.01,2.0,0.05,40.0,8.0109e-05,0.320436,-5.0,10.0,738500000000000.0,1846250000000000.0,193515725002629.62,0.9428090415820634,28265415066.63026,96757862501314.83,1579.2759378308967,158.75661571956093,1.0206423856151752e-05,1672296.0549912031,5.691656284909002e+42,0.0003772188203268916
SDSS J120607.81+400902.6,250999999.99999997,0.037,5.0279567997716805e+26,0.4,5.25e+42,3.0,0.3490658503988659,1.5,0.0001,0.01,2.0,0.05,40.0,8.0109e-05,0.320436,-5.0,10.0,1853634999999999.5,4634087499999999.0,485724469756600.25,0.9428090415820634,28265415066.63026,242862234878300.16,396.8048603298257,39.888783978789085,4.066304325160061e-06,105572.57014082772,9.000358943899351e+43,9.487626082075964e-06
SDSS J121329.27+504429.4,501000000.0,0.031,4.1940195173632087e+26,0.4,1.95e+43,3.0,0.3490658503988659,1.5,0.0001,0.01,2.0,0.05,40.0,8.0109e-05,0.320436,-5.0,10.0,3699885000000000.0,9249712500000000.0,969513782263174.5,0.9428090415820634,28265415066.63026,484756891131587.25,383.1339460694839,38.51451617050153,2.0372103505292916e-06,98423.4068375934,7.157343210033907e+44,4.431398997638272e-06
SDSS J121951.65+282521.3,250999999.99999997,0.027,3.6420209061122114e+26,0.4,3.16e+42,3.0,0.3490658503988659,1.5,0.0001,0.01,2.0,0.05,40.0,8.0109e-05,0.320436,-5.0,10.0,1853634999999999.5,4634087499999999.0,485724469756600.25,0.9428090415820634,28265415066.63026,242862234878300.16,307.85121548384905,30.94672434666218,4.066304325160061e-06,63544.6326942887,9.000358943899351e+43,5.710647317973342e-06
SDSS J122421.31+600641.2,501000000.0,0.044,6.00983608848556e+26,0.4,4.9e+42,3.0,0.3490658503988659,1.5,0.0001,0.01,2.0,0.05,40.0,8.0109e-05,0.320436,-5.0,10.0,3699885000000000.0,9249712500000000.0,969513782263174.5,0.9428090415820634,28265415066.63026,484756891131587.25,192.05754227084552,19.306572527289884,2.0372103505292916e-06,24732.035564318343,7.157343210033907e+44,1.1135310301757707e-06
SDSS J123011.85+470022.7,250999999.99999997,0.039,5.30751282445456e+26,0.4,2.63e+43,3.0,0.3490658503988659,1.5,0.0001,0.01,2.0,0.05,40.0,8.0109e-05,0.320436,-5.0,10.0,1853634999999999.5,4634087499999999.0,485724469756600.25,0.9428090415820634,28265415066.63026,242862234878300.16,888.1272705739652,89.27893880168195,4.066304325160061e-06,528868.3037530988,9.000358943899351e+43,4.752848875401863e-05
SDSS J124318.73+033300.6,199000000.0,0.048,6.57521179567969e+26,0.4,2.69e+43,3.0,0.3490658503988659,1.5,0.0001,0.01,2.0,0.05,40.0,8.0109e-05,0.320436,-5.0,10.0,1469615000000000.0,3674037500000000.0,385096292755233.0,0.9428090415820634,28265415066.63026,192548146377616.5,1132.9066248569093,113.88536821220885,5.128856209121483e-06,860568.3335067178,4.48536608271976e+43,9.754667536475744e-05
SDSS J124633.75+115347.8,398000000.0,0.047,6.433575637377283e+26,0.4,2.57e+43,3.0,0.3490658503988659,1.5,0.0001,0.01,2.0,0.05,40.0,8.0109e-05,0.320436,-5.0,10.0,2939230000000000.0,7348075000000000.0,770192585510466.0,0.9428090415820634,28265415066.63026,385096292755233.0,553.6745258556583,55.65809737828655,2.5644281045607416e-06,205544.66701786846,3.588292866175808e+44,1.1649393851646219e-05
SDSS J125027.42+001345.6,126000000.0,0.047,6.433575637377283e+26,0.4,2.4e+43,3.0,0.3490658503988659,1.5,0.0001,0.01,2.0,0.05,40.0,8.0109e-05,0.320436,-5.0,10.0,930510000000000.0,2326275000000000.0,243829813503313.34,0.9428090415820634,28265415066.63026,121914906751656.67,1690.0755874239655,169.89474362421868,8.100336393771232e-06,1915179.0638713709,1.1385452632581128e+43,0.0003428617422896239
SDSS J125409.12-011527.1,126000000.0,0.047,6.433575637377283e+26,0.4,6.31e+42,3.0,0.3490658503988659,1.5,0.0001,0.01,2.0,0.05,40.0,8.0109e-05,0.320436,-5.0,10.0,930510000000000.0,2326275000000000.0,243829813503313.34,0.9428090415820634,28265415066.63026,121914906751656.67,866.5930212983671,87.11420972859112,8.100336393771232e-06,503532.49554284796,1.1385452632581128e+43,9.01440664103136e-05
SDSS J130404.99+075428.4,501000000.0,0.046,6.292134156850388e+26,0.4,7.59e+42,3.0,0.3490658503988659,1.5,0.0001,0.01,2.0,0.05,40.0,8.0109e-05,0.320436,-5.0,10.0,3699885000000000.0,9249712500000000.0,969513782263174.5,0.9428090415820634,28265415066.63026,484756891131587.25,239.03099258202374,24.028575706997746,2.0372103505292916e-06,38309.41835370943,7.157343210033907e+44,1.724836840619204e-06
SDSS J130837.91+434415.1,398000000.0,0.036,4.8884739231477596e+26,0.4,1.7e+43,3.0,0.3490658503988659,1.5,0.0001,0.01,2.0,0.05,40.0,8.0109e-05,0.320436,-5.0,10.0,2939230000000000.0,7348075000000000.0,770192585510466.0,0.9428090415820634,28265415066.63026,385096292755233.0,450.3108813684223,45.26747342578602,2.5644281045607416e-06,135963.39841648887,3.588292866175808e+44,7.705824726769873e-06
SDSS J133042.51+323249.0,79400000.0,0.034,4.610099518635216e+26,0.4,7.08e+42,3.0,0.3490658503988659,1.5,0.0001,0.01,2.0,0.05,40.0,8.0109e-05,0.320436,-5.0,10.0,586369000000000.0,1465922500000000.0,153651485652087.94,0.9428090415820634,28265415066.63026,76825742826043.97,1456.6901354440004,146.43368553616295,1.2854438105984575e-05,1422759.476190518,2.849050667176516e+42,0.00040419521861934804
SDSS J133455.94+134431.7,501000000.0,0.023,3.0932060735810742e+26,0.4,7.08e+42,3.0,0.3490658503988659,1.5,0.0001,0.01,2.0,0.05,40.0,8.0109e-05,0.320436,-5.0,10.0,3699885000000000.0,9249712500000000.0,969513782263174.5,0.9428090415820634,28265415066.63026,484756891131587.25,230.86067216417888,23.2072547536354,2.0372103505292916e-06,35735.26771334161,7.157343210033907e+44,1.608938712988665e-06
SDSS J133621.18+031951.0,158000000.0,0.023,3.0932060735810742e+26,0.4,5.89e+42,3.0,0.3490658503988659,1.5,0.0001,0.01,2.0,0.05,40.0,8.0109e-05,0.320436,-5.0,10.0,1166830000000000.0,2917075000000000.0,305754845504154.8,0.9428090415820634,28265415066.63026,152877422752077.4,667.6849902204714,67.11899223877127,6.459761934273261e-06,298909.93830807845,2.244966818444199e+43,4.2674010062894716e-05
SDSS J133737.49+155820.0,398000000.0,0.026,3.504518178724849e+26,0.4,6.46e+42,3.0,0.3490658503988659,1.5,0.0001,0.01,2.0,0.05,40.0,8.0109e-05,0.320436,-5.0,10.0,2939230000000000.0,7348075000000000.0,770192585510466.0,0.9428090415820634,28265415066.63026,385096292755233.0,277.5902702796804,27.90474470649414,2.5644281045607416e-06,51666.091398265766,3.588292866175808e+44,2.9282133961725517e-06
SDSS J134159.72+294653.5,126000000.0,0.045,6.1508875689227796e+26,0.4,7.24e+42,3.0,0.3490658503988659,1.5,0.0001,0.01,2.0,0.05,40.0,8.0109e-05,0.320436,-5.0,10.0,930510000000000.0,2326275000000000.0,243829813503313.34,0.9428090415820634,28265415066.63026,121914906751656.67,928.2603297821589,93.31331208993491,8.100336393771232e-06,577745.6842678635,1.1385452632581128e+43,0.00010342995892403653
SDSS J135036.01+334217.3,126000000.0,0.014,1.870085044068071e+26,0.4,6.76e+42,3.0,0.3490658503988659,1.5,0.0001,0.01,2.0,0.05,40.0,8.0109e-05,0.320436,-5.0,10.0,930510000000000.0,2326275000000000.0,243829813503313.34,0.9428090415820634,28265415066.63026,121914906751656.67,896.9616101167059,90.16701023639862,8.100336393771232e-06,539442.102990436,1.1385452632581128e+43,9.657272407824406e-05
SDSS J135226.71+140528.5,794000000.0,0.023,3.0932060735810742e+26,0.4,5.25e+42,3.0,0.3490658503988659,1.5,0.0001,0.01,2.0,0.05,40.0,8.0109e-05,0.320436,-5.0,10.0,5863690000000000.0,1.4659225e+16,1536514856520879.2,0.9428090415820634,28265415066.63026,768257428260439.6,125.4383122705116,12.609678562564303,1.2854438105984575e-06,10550.123234463586,2.8490506671765156e+45,2.997210307558726e-07
SDSS J140528.32+304602.0,25099999.999999996,0.025,3.367214653456353e+26,0.4,2.57e+42,3.0,0.3490658503988659,1.5,0.0001,0.01,2.0,0.05,40.0,8.0109e-05,0.320436,-5.0,10.0,185363499999999.97,463408749999999.94,48572446975660.03,0.9428090415820634,28265415066.63026,24286223487830.016,2776.284017843952,279.08577873641053,4.066304325160061e-05,5168028.671655758,9.00035894389935e+40,0.004644418863035281
SDSS J141451.35+030751.2,158000000.0,0.025,3.367214653456353e+26,0.4,6.03e+42,3.0,0.3490658503988659,1.5,0.0001,0.01,2.0,0.05,40.0,8.0109e-05,0.320436,-5.0,10.0,1166830000000000.0,2917075000000000.0,305754845504154.8,0.9428090415820634,28265415066.63026,152877422752077.4,675.57352536925,67.91198674543423,6.459761934273261e-06,306014.7585734657,2.244966818444199e+43,4.3688332882725825e-05
SDSS J141517.98-022641.0,501000000.0,0.047,6.433575637377283e+26,0.4,1.15e+43,3.0,0.3490658503988659,1.5,0.0001,0.01,2.0,0.05,40.0,8.0109e-05,0.320436,-5.0,10.0,3699885000000000.0,9249712500000000.0,969513782263174.5,0.9428090415820634,28265415066.63026,484756891131587.25,294.22681267191126,29.577132098841265,2.0372103505292916e-06,58044.57326319611,7.157343210033907e+44,2.6133891524533395e-06
SDSS J142724.23+372817.0,631000000.0,0.032,4.332515016188956e+26,0.4,7.24e+42,3.0,0.3490658503988659,1.5,0.0001,0.01,2.0,0.05,40.0,8.0109e-05,0.320436,-5.0,10.0,4659935000000000.0,1.16498375e+16,1221084224766593.0,0.9428090415820634,28265415066.63026,610542112383296.5,185.35784715142952,18.633086090858637,1.617499818724525e-06,23036.637147878875,1.429969397133117e+45,8.235119580043755e-07
SDSS J143156.59+164615.4,398000000.0,0.048,6.57521179567969e+26,0.4,7.08e+42,3.0,0.3490658503988659,1.5,0.0001,0.01,2.0,0.05,40.0,8.0109e-05,0.320436,-5.0,10.0,2939230000000000.0,7348075000000000.0,770192585510466.0,0.9428090415820634,28265415066.63026,385096292755233.0,290.60602199561214,29.213152340631503,2.5644281045607416e-06,56624.75651698477,3.588292866175808e+44,3.2092493567959234e-06
SDSS J143312.96+525747.3,250999999.99999997,0.047,6.433575637377283e+26,0.4,1.02e+43,3.0,0.3490658503988659,1.5,0.0001,0.01,2.0,0.05,40.0,8.0109e-05,0.320436,-5.0,10.0,1853634999999999.5,4634087499999999.0,485724469756600.25,0.9428090415820634,28265415066.63026,242862234878300.16,553.0920514534197,55.59954417512072,4.066304325160061e-06,205112.42198789387,9.000358943899351e+43,1.8433102102319015e-05
SDSS J143424.79+024756.2,126000000.0,0.028,3.779722619605222e+26,0.4,2.95e+42,3.0,0.3490658503988659,1.5,0.0001,0.01,2.0,0.05,40.0,8.0109e-05,0.320436,-5.0,10.0,930510000000000.0,2326275000000000.0,243829813503313.34,0.9428090415820634,28265415066.63026,121914906751656.67,592.5315989836555,59.56420224495162,8.100336393771232e-06,235407.426600856,1.1385452632581128e+43,4.214342248976626e-05
SDSS J143620.38+051951.5,501000000.0,0.029,3.9176231032421345e+26,0.4,5.89e+42,3.0,0.3490658503988659,1.5,0.0001,0.01,2.0,0.05,40.0,8.0109e-05,0.320436,-5.0,10.0,3699885000000000.0,9249712500000000.0,969513782263174.5,0.9428090415820634,28265415066.63026,484756891131587.25,210.56732226513867,21.167267013424873,2.0372103505292916e-06,29728.916219150004,7.157343210033907e+44,1.3385097485174062e-06
SDSS J144745.52+132032.2,100000000.0,0.044,6.00983608848556e+26,0.4,5.25e+42,3.0,0.3490658503988659,1.5,0.0001,0.01,2.0,0.05,40.0,8.0109e-05,0.320436,-5.0,10.0,738500000000000.0,1846250000000000.0,193515725002629.62,0.9428090415820634,28265415066.63026,96757862501314.83,995.9801994278621,100.12084778676058,1.0206423856151752e-05,665117.7491442285,5.691656284909002e+42,0.00015003021263001372
SDSS J145216.49+121711.5,100000000.0,0.031,4.1940195173632087e+26,0.4,3.63e+42,3.0,0.3490658503988659,1.5,0.0001,0.01,2.0,0.05,40.0,8.0109e-05,0.320436,-5.0,10.0,738500000000000.0,1846250000000000.0,193515725002629.62,0.9428090415820634,28265415066.63026,96757862501314.83,828.1792886496293,83.25267163611204,1.0206423856151752e-05,459881.4151225809,5.691656284909002e+42,0.0001037351755898952
SDSS J145243.25+165413.4,501000000.0,0.046,6.292134156850388e+26,0.4,1.07e+43,3.0,0.3490658503988659,1.5,0.0001,0.01,2.0,0.05,40.0,8.0109e-05,0.320436,-5.0,10.0,3699885000000000.0,9249712500000000.0,969513782263174.5,0.9428090415820634,28265415066.63026,484756891131587.25,283.8083807104747,28.529819871964747,2.0372103505292916e-06,54006.689905756386,7.157343210033907e+44,2.4315881679348462e-06
SDSS J145616.20+203120.6,1000000000.0,0.045,6.1508875689227796e+26,0.4,1.35e+43,3.0,0.3490658503988659,1.5,0.0001,0.01,2.0,0.05,40.0,8.0109e-05,0.320436,-5.0,10.0,7385000000000000.0,1.84625e+16,1935157250026296.2,0.9428090415820634,28265415066.63026,967578625013148.2,159.71214301156473,16.055053272488664,1.0206423856151752e-06,17103.02783513731,5.691656284909002e+45,3.8579197533432097e-07
SDSS J150152.30+174228.2,199000000.0,0.047,6.433575637377283e+26,0.4,1.15e+43,3.0,0.3490658503988659,1.5,0.0001,0.01,2.0,0.05,40.0,8.0109e-05,0.320436,-5.0,10.0,1469615000000000.0,3674037500000000.0,385096292755233.0,0.9428090415820634,28265415066.63026,192548146377616.5,740.7418751187315,74.46303106291194,5.128856209121483e-06,367900.9604210875,4.48536608271976e+43,4.170211028604872e-05
SDSS J150425.68+074929.7,199000000.0,0.049,6.717042417001975e+26,0.4,6.76e+42,3.0,0.3490658503988659,1.5,0.0001,0.01,2.0,0.05,40.0,8.0109e-05,0.320436,-5.0,10.0,1469615000000000.0,3674037500000000.0,385096292755233.0,0.9428090415820634,28265415066.63026,192548146377616.5,567.9254415814319,57.09066979792075,5.128856209121483e-06,216261.78195187406,4.48536608271976e+43,2.4513588307277335e-05
SDSS J150601.89+084723.2,250999999.99999997,0.046,6.292134156850388e+26,0.4,6.46e+42,3.0,0.3490658503988659,1.5,0.0001,0.01,2.0,0.05,40.0,8.0109e-05,0.320436,-5.0,10.0,1853634999999999.5,4634087499999999.0,485724469756600.25,0.9428090415820634,28265415066.63026,242862234878300.16,440.16305805303915,44.24736411627357,4.066304325160061e-06,129904.53392566612,9.000358943899351e+43,1.1674297998135376e-05
SDSS J150636.57+092618.3,31600000.0,0.028,3.779722619605222e+26,0.4,7.24e+42,3.0,0.3490658503988659,1.5,0.0001,0.01,2.0,0.05,40.0,8.0109e-05,0.320436,-5.0,10.0,233366000000000.0,583415000000000.0,61150969100830.96,0.9428090415820634,28265415066.63026,30575484550415.484,3701.2911883719,372.0720671940443,3.2298809671366304e-05,9185517.628822105,1.7959734547553598e+41,0.006556872513908269
SDSS J150808.25+265457.6,126000000.0,0.033,4.471208421843482e+26,0.4,7.41e+42,3.0,0.3490658503988659,1.5,0.0001,0.01,2.0,0.05,40.0,8.0109e-05,0.320436,-5.0,10.0,930510000000000.0,2326275000000000.0,243829813503313.34,0.9428090415820634,28265415066.63026,121914906751656.67,939.0951804316721,94.40248477960822,8.100336393771232e-06,591311.5359702857,1.1385452632581128e+43,0.00010585856293192135
SDSS J152010.94+254319.3,398000000.0,0.034,4.610099518635216e+26,0.4,7.24e+42,3.0,0.3490658503988659,1.5,0.0001,0.01,2.0,0.05,40.0,8.0109e-05,0.320436,-5.0,10.0,2939230000000000.0,7348075000000000.0,770192585510466.0,0.9428090415820634,28265415066.63026,385096292755233.0,293.87136068480413,29.541400309878895,2.5644281045607416e-06,57904.412031492895,3.588292866175808e+44,3.2817747659890515e-06
SDSS J152151.85+074231.7,398000000.0,0.044,6.00983608848556e+26,0.4,7.59e+42,3.0,0.3490658503988659,1.5,0.0001,0.01,2.0,0.05,40.0,8.0109e-05,0.320436,-5.0,10.0,2939230000000000.0,7348075000000000.0,770192585510466.0,0.9428090415820634,28265415066.63026,385096292755233.0,300.89077206933143,30.247026204034853,2.5644281045607416e-06,60703.65846947944,3.588292866175808e+44,3.4404240985990192e-06
SDSS J153016.15+270551.0,158000000.0,0.033,4.471208421843482e+26,0.4,5.62e+42,3.0,0.3490658503988659,1.5,0.0001,0.01,2.0,0.05,40.0,8.0109e-05,0.320436,-5.0,10.0,1166830000000000.0,2917075000000000.0,305754845504154.8,0.9428090415820634,28265415066.63026,152877422752077.4,652.2019960946895,65.56256521437741,6.459761934273261e-06,285207.7849391173,2.244966818444199e+43,4.071781605322042e-05
SDSS J154147.28+453321.7,199000000.0,0.037,5.0279567997716805e+26,0.4,5.01e+42,3.0,0.3490658503988659,1.5,0.0001,0.01,2.0,0.05,40.0,8.0109e-05,0.320436,-5.0,10.0,1469615000000000.0,3674037500000000.0,385096292755233.0,0.9428090415820634,28265415066.63026,192548146377616.5,488.9189150366983,49.14854361620557,5.128856209121483e-06,160276.85319214332,4.48536608271976e+43,1.8167615002878617e-05
SDSS J154426.93+470024.2,398000000.0,0.038,5.1676365053407136e+26,0.4,8.13e+42,3.0,0.3490658503988659,1.5,0.0001,0.01,2.0,0.05,40.0,8.0109e-05,0.320436,-5.0,10.0,2939230000000000.0,7348075000000000.0,770192585510466.0,0.9428090415820634,28265415066.63026,385096292755233.0,311.4105012316292,31.304521325746503,2.5644281045607416e-06,65022.49583094437,3.588292866175808e+44,3.685197354625827e-06
SDSS J154451.23+433050.6,199000000.0,0.037,5.0279567997716805e+26,0.4,5.89e+42,3.0,0.3490658503988659,1.5,0.0001,0.01,2.0,0.05,40.0,8.0109e-05,0.320436,-5.0,10.0,1469615000000000.0,3674037500000000.0,385096292755233.0,0.9428090415820634,28265415066.63026,192548146377616.5,530.1217510293191,53.29045614937619,5.128856209121483e-06,188429.27451132218,4.48536608271976e+43,2.135873300737626e-05
SDSS J155951.61+255626.3,316000000.0,0.045,6.1508875689227796e+26,0.4,4.37e+43,3.0,0.3490658503988659,1.5,0.0001,0.01,2.0,0.05,40.0,8.0109e-05,0.320436,-5.0,10.0,2333660000000000.0,5834150000000000.0,611509691008309.6,0.9428090415820634,28265415066.63026,305754845504154.8,909.3366361738717,91.41100896341996,3.2298809671366305e-06,554429.7242811132,1.7959734547553593e+44,3.957670288091042e-05
SDSS J155953.99+444232.4,100000000.0,0.042,5.7283193099784924e+26,0.4,2.14e+43,3.0,0.3490658503988659,1.5,0.0001,0.01,2.0,0.05,40.0,8.0109e-05,0.320436,-5.0,10.0,738500000000000.0,1846250000000000.0,193515725002629.62,0.9428090415820634,28265415066.63026,96757862501314.83,2010.841962190659,202.13976355691986,1.0206423856151752e-05,2711146.634606951,5.691656284909002e+42,0.000611551723863294
SDSS J160426.51+174431.1,199000000.0,0.041,5.587854442020176e+26,0.4,2.88e+43,3.0,0.3490658503988659,1.5,0.0001,0.01,2.0,0.05,40.0,8.0109e-05,0.320436,-5.0,10.0,1469615000000000.0,3674037500000000.0,385096292755233.0,0.9428090415820634,28265415066.63026,192548146377616.5,1172.233747871693,117.83872481459537,5.128856209121483e-06,921351.970445854,4.48536608271976e+43,0.00010443658923810461
SDSS J160523.84+143851.6,398000000.0,0.041,5.587854442020176e+26,0.4,5.62e+42,3.0,0.3490658503988659,1.5,0.0001,0.01,2.0,0.05,40.0,8.0109e-05,0.320436,-5.0,10.0,2939230000000000.0,7348075000000000.0,770192585510466.0,0.9428090415820634,28265415066.63026,385096292755233.0,258.91436025869587,26.02735000972772,2.5644281045607416e-06,44947.89994709808,3.588292866175808e+44,2.547454997908628e-06
SDSS J160641.83+084436.8,100000000.0,0.047,6.433575637377283e+26,0.4,7.08e+42,3.0,0.3490658503988659,1.5,0.0001,0.01,2.0,0.05,40.0,8.0109e-05,0.320436,-5.0,10.0,738500000000000.0,1846250000000000.0,193515725002629.62,0.9428090415820634,28265415066.63026,96757862501314.83,1156.6119675425361,116.26834631571336,1.0206423856151752e-05,896958.7931316453,5.691656284909002e+42,0.00020232645817533278
SDSS J161238.84+293836.9,316000000.0,0.032,4.332515016188956e+26,0.4,8.71e+42,3.0,0.3490658503988659,1.5,0.0001,0.01,2.0,0.05,40.0,8.0109e-05,0.320436,-5.0,10.0,2333660000000000.0,5834150000000000.0,611509691008309.6,0.9428090415820634,28265415066.63026,305754845504154.8,405.9691643441338,40.810025071548985,3.2298809671366305e-06,110505.32948486264,1.7959734547553593e+44,7.888171214936608e-06
SDSS J161256.85+095201.5,158000000.0,0.017,2.275983665479391e+26,0.4,3.09e+42,3.0,0.3490658503988659,1.5,0.0001,0.01,2.0,0.05,40.0,8.0109e-05,0.320436,-5.0,10.0,1166830000000000.0,2917075000000000.0,305754845504154.8,0.9428090415820634,28265415066.63026,152877422752077.4,483.60769832913104,48.61463388602588,6.459761934273261e-06,156813.5330003332,2.244966818444199e+43,2.2387553666272434e-05
SDSS J162146.06+254914.4,126000000.0,0.048,6.57521179567969e+26,0.4,7.24e+42,3.0,0.3490658503988659,1.5,0.0001,0.01,2.0,0.05,40.0,8.0109e-05,0.320436,-5.0,10.0,930510000000000.0,2326275000000000.0,243829813503313.34,0.9428090415820634,28265415066.63026,121914906751656.67,928.2603297821589,93.31331208993491,8.100336393771232e-06,577745.6842678635,1.1385452632581128e+43,0.00010342995892403653
SDSS J162846.13+252940.9,316000000.0,0.04,5.4475855417736944e+26,0.4,1.12e+43,3.0,0.3490658503988659,1.5,0.0001,0.01,2.0,0.05,40.0,8.0109e-05,0.320436,-5.0,10.0,2333660000000000.0,5834150000000000.0,611509691008309.6,0.9428090415820634,28265415066.63026,305754845504154.8,460.35512409715955,46.277170303248916,3.2298809671366305e-06,142096.4053077453,1.7959734547553593e+44,1.0143228198311136e-05
SDSS J162944.98+404841.6,398000000.0,0.029,3.9176231032421345e+26,0.4,3.24e+42,3.0,0.3490658503988659,1.5,0.0001,0.01,2.0,0.05,40.0,8.0109e-05,0.320436,-5.0,10.0,2939230000000000.0,7348075000000000.0,770192585510466.0,0.9428090415820634,28265415066.63026,385096292755233.0,196.5895759320341,19.76215493004949,2.5644281045607416e-06,25913.024168789638,3.588292866175808e+44,1.4686395361608461e-06
SDSS J164925.86+360321.3,126000000.0,0.032,4.332515016188956e+26,0.4,4.9e+42,3.0,0.3490658503988659,1.5,0.0001,0.01,2.0,0.05,40.0,8.0109e-05,0.320436,-5.0,10.0,930510000000000.0,2326275000000000.0,243829813503313.34,0.9428090415820634,28265415066.63026,121914906751656.67,763.6573704578858,76.76660981089073,8.100336393771232e-06,391015.72554040485,1.1385452632581128e+43,7.00009390507982e-05
SDSS J165830.05+252324.9,199000000.0,0.033,4.471208421843482e+26,0.4,5.5e+42,3.0,0.3490658503988659,1.5,0.0001,0.01,2.0,0.05,40.0,8.0109e-05,0.320436,-5.0,10.0,1469615000000000.0,3674037500000000.0,385096292755233.0,0.9428090415820634,28265415066.63026,192548146377616.5,512.2704695381209,51.49595718443133,5.128856209121483e-06,175952.63324486793,4.48536608271976e+43,1.9944487528110256e-05
SDSS J170358.49+241039.5,631000000.0,0.031,4.1940195173632087e+26,0.4,9.33e+42,3.0,0.3490658503988659,1.5,0.0001,0.01,2.0,0.05,40.0,8.0109e-05,0.320436,-5.0,10.0,4659935000000000.0,1.16498375e+16,1221084224766593.0,0.9428090415820634,28265415066.63026,610542112383296.5,210.417819321331,21.15223823926928,1.617499818724525e-06,29686.716103551098,1.429969397133117e+45,1.0612384762680695e-06
SDSS J171522.97+572440.2,631000000.0,0.027,3.6420209061122114e+26,0.4,1.15e+43,3.0,0.3490658503988659,1.5,0.0001,0.01,2.0,0.05,40.0,8.0109e-05,0.320436,-5.0,10.0,4659935000000000.0,1.16498375e+16,1221084224766593.0,0.9428090415820634,28265415066.63026,610542112383296.5,233.60956124980595,23.48358665850947,1.617499818724525e-06,36591.34353599545,1.429969397133117e+45,1.3080645741782207e-06
SDSS J172215.41+304239.8,398000000.0,0.046,6.292134156850388e+26,0.4,6.31e+42,3.0,0.3490658503988659,1.5,0.0001,0.01,2.0,0.05,40.0,8.0109e-05,0.320436,-5.0,10.0,2939230000000000.0,7348075000000000.0,770192585510466.0,0.9428090415820634,28265415066.63026,385096292755233.0,274.3485444311414,27.57887041658915,2.5644281045607416e-06,50466.4143534144,3.588292866175808e+44,2.860220825053994e-06
